investor_name,vote,confidence,reason,key_violations
AQR Capital Management LLC,FOR,0.4,"The investor policy provides no explicit rules or principles regarding remuneration, so there are no stated thresholds or requirements to apply. While ceo_ltip_max_pct_of_salary is high at 1,111%, and financial_performance.eps_change_pct is -99.99, the pay-for-performance override is not permitted (OVERRIDE_FLAGS.pay_for_performance_override_allowed=false), and there is no policy basis to vote AGAINST. Several key data fields are missing (e.g., ceo_max_bonus_pct_of_salary, ceo_salary_increase_pct), but the absence of policy means these cannot be treated as violations.",Missing data: ceo_max_bonus_pct_of_salary; Missing data: ceo_salary_increase_pct; Missing data: workforce_salary_increase_pct; Missing data: total_dilution_pct; Missing data: stip_dilution_pct; Missing data: dilution_policy_limit_pct
APG Asset Management NV,FOR,0.43,"The remuneration structure aligns with APG's policy: variable pay is predominantly long-term (no annual bonus, only LTIP), performance metrics are measurable and include both financial and ESG criteria (performance_metrics, esg_metrics_incentives_present=true), and there are strong governance features (clawback_provision=true, malus_provision=true, shareholding_requirement_ceo=3x, post_cessation_holding_years=2). While ceo_ltip_max_pct_of_salary is high (1,111%), APG's policy does not set a numeric cap, and the pay-for-performance override is not permitted. However, several key data points are missing (ceo_max_bonus_pct_of_salary, ceo_target_bonus_pct_of_salary, ceo_salary_increase_pct, workforce_salary_increase_pct, total_dilution_pct, stip_dilution_pct, dilution_policy_limit_pct), which reduces confidence.",Missing data: ceo_max_bonus_pct_of_salary; Missing data: ceo_target_bonus_pct_of_salary; Missing data: ceo_salary_increase_pct; Missing data: workforce_salary_increase_pct; Missing data: total_dilution_pct; Missing data: stip_dilution_pct; Missing data: dilution_policy_limit_pct
ARG Asset Management,AGAINST,0.4,"The CEO's maximum LTIP opportunity is 1,111% of salary (ceo_ltip_max_pct_of_salary=1111), which far exceeds the policy's 100% cap on variable pay. While the policy allows for case-by-case exceptions above 100%, the financial_performance.eps_change_pct is -99.99%, indicating a severe decline, and there is no evidence of reduced awards or strong justification. Key data on ceo_max_bonus_pct_of_salary and ceo_target_bonus_pct_of_salary is missing, further reducing confidence. Clawback, malus, ESG metrics, and shareholding requirements are present, but the excessive LTIP opportunity and poor performance are decisive.",ceo_ltip_max_pct_of_salary exceeds 100% policy cap; financial_performance.eps_change_pct=-99.99%; Missing data: ceo_max_bonus_pct_of_salary; Missing data: ceo_target_bonus_pct_of_salary
AXA Investment Managers (Paris) SA,AGAINST,0.35,"The CEO's maximum LTIP opportunity is extremely high (ceo_ltip_max_pct_of_salary=1111), and financial_performance.eps_change_pct is -99.99%, indicating a severe pay-for-performance misalignment. The pay_for_performance_override is allowed and triggered by these facts. Additionally, key data is missing (ceo_max_bonus_pct_of_salary, ceo_target_bonus_pct_of_salary, ceo_salary_increase_pct, workforce_salary_increase_pct, total_dilution_pct), further reducing confidence and transparency, which is a concern under AXA IM's policy.",Pay-for-performance failure: ceo_ltip_max_pct_of_salary=1111 with eps_change_pct=-99.99; Missing data: ceo_max_bonus_pct_of_salary; Missing data: ceo_target_bonus_pct_of_salary; Missing data: ceo_salary_increase_pct; Missing data: workforce_salary_increase_pct; Missing data: total_dilution_pct
Aberdeen Asset Managers Ltd.,AGAINST,0.4,"The investor policy specifies a strict dilution limit of 10% cumulative share issuance per financial year as a key approval factor. The total_dilution_pct and stip_dilution_pct fields are missing (null), which prevents confirmation of compliance with this core policy rule. Additionally, the pay-for-performance override is triggered: financial_performance.eps_change_pct is -99.99 (severe deterioration), and ceo_ltip_max_pct_of_salary is 1,111 (well above the 500 threshold), with no evidence of reduced awards or strong justification. Therefore, the policy requires an AGAINST vote.",Missing data: total_dilution_pct; Missing data: stip_dilution_pct; Pay-for-performance override: severe financial decline with very high CEO LTIP opportunity
Acadian Asset Management LLC,AGAINST,0.4,"The CEO's maximum LTIP opportunity is extremely high (ceo_ltip_max_pct_of_salary=1,111%), which is not justified by performance alignment given the financial_performance.eps_change_pct=-99.99%. While the LTIP dilution (ltip_dilution_pct=5) is within policy limits and clawback/malus provisions are present, the absence of any annual/short-term bonus does not offset the excessive LTIP opportunity. Key data on total_dilution_pct, bonus opportunity, and salary increases are missing, further undermining confidence in alignment with policy.","Excessive CEO LTIP opportunity: ceo_ltip_max_pct_of_salary=1,111%; Missing data: total_dilution_pct; Missing data: ceo_target_bonus_pct_of_salary; Missing data: ceo_max_bonus_pct_of_salary; Missing data: ceo_salary_increase_pct; Missing data: workforce_salary_increase_pct"
Achmea IM,AGAINST,0.4,"The CEO's maximum LTIP opportunity is extremely high at ceo_ltip_max_pct_of_salary=1111%, while financial_performance.eps_change_pct=-99.99% indicates a severe deterioration in performance. Achmea's policy requires pay-for-performance alignment and opposes pay-for-failure; with OVERRIDE_FLAGS.pay_for_performance_override_allowed=true, this triggers a strict AGAINST. Additionally, key data is missing: ceo_max_bonus_pct_of_salary, ceo_target_bonus_pct_of_salary, ceo_salary_increase_pct, and workforce_salary_increase_pct.",Pay-for-performance misalignment: ceo_ltip_max_pct_of_salary=1111% with eps_change_pct=-99.99%; Missing data: ceo_max_bonus_pct_of_salary; Missing data: ceo_target_bonus_pct_of_salary; Missing data: ceo_salary_increase_pct; Missing data: workforce_salary_increase_pct
Alberta Investment Management Corp,AGAINST,0.4,"The CEO's maximum LTIP opportunity is extremely high (ceo_ltip_max_pct_of_salary=1111), and financial performance has deteriorated sharply (financial_performance.eps_change_pct=-99.99). The investor policy emphasizes pay-for-performance alignment and opposes plans that are costly relative to performance. The pay-for-performance override applies due to the combination of poor performance and excessive LTIP opportunity, with no evidence of reduced awards or strong justification. Key data on total dilution and bonus opportunity are also missing.",Pay-for-performance misalignment: ceo_ltip_max_pct_of_salary=1111 with eps_change_pct=-99.99; Missing data: total_dilution_pct; Missing data: ceo_max_bonus_pct_of_salary; Missing data: ceo_target_bonus_pct_of_salary
Aegon Asset Management,AGAINST,0.4,"The CEO's maximum LTIP opportunity is extremely high at ceo_ltip_max_pct_of_salary=1111%, which appears excessive and unreasonable relative to the policy's requirement for quantum to be 'reasonable' and not exceed what is necessary. Additionally, financial_performance.eps_change_pct is -99.99%, indicating a severe decline in performance, which further undermines the justification for such a high LTIP opportunity. Key data on ceo_max_bonus_pct_of_salary, ceo_target_bonus_pct_of_salary, and salary increases are missing, reducing confidence.",Excessive LTIP opportunity: ceo_ltip_max_pct_of_salary=1111%; Severe negative financial performance: financial_performance.eps_change_pct=-99.99%; Missing data: ceo_max_bonus_pct_of_salary; Missing data: ceo_target_bonus_pct_of_salary; Missing data: ceo_salary_increase_pct; Missing data: workforce_salary_increase_pct
AllianceBernstein LP,AGAINST,0.4,"The ceo_ltip_max_pct_of_salary is extremely high at 1,111%, and financial_performance.eps_change_pct is -99.99%, indicating a severe decline in earnings per share. The AllianceBernstein policy requires alignment of pay with performance and emphasizes long-term shareholder value. Given the pay_for_performance_override_allowed flag is true, and the facts show a very high LTIP opportunity alongside a dramatic deterioration in financial performance, the policy would dictate an AGAINST vote. Key data on ceo_max_bonus_pct_of_salary, ceo_target_bonus_pct_of_salary, and salary increases are missing, further reducing confidence.",Pay-for-performance misalignment: ceo_ltip_max_pct_of_salary=1111 with eps_change_pct=-99.99; Missing data: ceo_max_bonus_pct_of_salary; Missing data: ceo_target_bonus_pct_of_salary; Missing data: ceo_salary_increase_pct; Missing data: workforce_salary_increase_pct; Missing data: total_dilution_pct; Missing data: stip_dilution_pct; Missing data: dilution_policy_limit_pct
Allianz Global Investors GmbH,AGAINST,0.4,"Applying the pay-for-performance override (per OVERRIDE_FLAGS), the CEO's maximum LTIP opportunity is extremely high (ceo_ltip_max_pct_of_salary=1111), while financial_performance.eps_change_pct is -99.99%, indicating a severe decline. AllianzGI policy requires pay to align with performance and quantum to be justified by company circumstances. Although ESG metrics are present and dilution is within policy for LTIP (ltip_dilution_pct=5), the combination of excessive LTIP opportunity and catastrophic EPS decline triggers an AGAINST under both explicit policy and the override. Key data on total_dilution_pct, ceo_max_bonus_pct_of_salary, and salary increases are missing, further reducing confidence.",Pay-for-performance override: ceo_ltip_max_pct_of_salary=1111 with eps_change_pct=-99.99; Missing data: total_dilution_pct; Missing data: ceo_max_bonus_pct_of_salary; Missing data: ceo_salary_increase_pct; Missing data: workforce_salary_increase_pct
Amundi Asset Management SA (Investment Management),FOR,0.43,"The LTIP dilution (ltip_dilution_pct=5) is well below the 10% policy cap, and the plan includes malus, clawback, post-cessation holding (2 years), and a 3x salary shareholding requirement, all aligning with Amundi's policy. ESG metrics are present and significant in the incentive structure (esg_metrics_incentives_present=true, performance_metrics includes climate and diversity KPIs). Although ceo_ltip_max_pct_of_salary is high (1111%), Amundi's policy does not set a strict cap on opportunity, and the pay-for-performance override is not allowed. However, several key data points are missing (e.g., total_dilution_pct, ceo_max_bonus_pct_of_salary, ceo_salary_increase_pct), reducing confidence.",Missing data: total_dilution_pct; Missing data: stip_dilution_pct; Missing data: dilution_policy_limit_pct; Missing data: ceo_salary_increase_pct; Missing data: workforce_salary_increase_pct; Missing data: ceo_target_bonus_pct_of_salary; Missing data: ceo_max_bonus_pct_of_salary
Andra Ap - Fonden 2 (AP2),AGAINST,0.95,"The CEO's maximum LTIP opportunity is extremely high at ceo_ltip_max_pct_of_salary=1111%, far exceeding reasonable market-based levels. The pay-for-performance override applies because financial_performance.eps_change_pct=-99.99% (a collapse in EPS) and ceo_ltip_max_pct_of_salary is well above the 500% threshold. While ESG metrics and clawback/malus provisions are present, the excessive LTIP opportunity in the context of severe financial underperformance breaches AP2's principles of alignment and reasonableness.",Pay-for-performance override: ceo_ltip_max_pct_of_salary=1111% with eps_change_pct=-99.99%
Assenagon Asset Management SA (Germany),FOR,0.4,"The investor policy does not specify any explicit rules regarding remuneration structure, quantum, performance alignment, or dilution, and instead references proportionality of ownership and best practice as guiding principles. The facts show the presence of clawback and malus provisions (clawback_provision=true, malus_provision=true), a robust shareholding requirement (shareholding_requirement_ceo=3), post-cessation holding (post_cessation_holding_years=2), and ESG metrics in incentives (esg_metrics_incentives_present=true). While ceo_ltip_max_pct_of_salary is high (1111%), the policy does not set a cap or pay-for-performance requirement, and the pay-for-performance override is not allowed. However, several key data points are missing.",Missing data: ceo_target_bonus_pct_of_salary; Missing data: ceo_max_bonus_pct_of_salary; Missing data: ceo_salary_increase_pct; Missing data: workforce_salary_increase_pct; Missing data: total_dilution_pct; Missing data: stip_dilution_pct; Missing data: dilution_policy_limit_pct
Artisan Partners,FOR,0.4,"Artisan Partners' policy requires a case-by-case assessment with emphasis on performance alignment, equity plan features, and clawback provisions. The plan includes robust clawback and malus provisions (clawback_provision=true, malus_provision=true), a strong shareholding requirement (shareholding_requirement_ceo=3), and a post-cessation holding period (post_cessation_holding_years=2). While ceo_ltip_max_pct_of_salary is high (1111%), the policy does not set explicit limits, and the presence of performance metrics and ESG KPIs aligns with the policy's focus on performance. However, key data is missing on total_dilution_pct, ceo_max_bonus_pct_of_salary, and bonus opportunity, which reduces confidence.",Missing data: total_dilution_pct; Missing data: ceo_max_bonus_pct_of_salary; Missing data: ceo_target_bonus_pct_of_salary; Missing data: ceo_salary_increase_pct; Missing data: workforce_salary_increase_pct
Artemis voting policy,AGAINST,0.4,"The Artemis policy requires pay to be aligned with performance and opposes excessive LTIP opportunity. The CEO's ltip_max_pct_of_salary is extremely high at 1,111% (ceo_ltip_max_pct_of_salary=1111), while financial_performance.eps_change_pct is -99.99%, indicating a collapse in earnings. The pay-for-performance override is permitted by OVERRIDE_FLAGS, and there is no explicit evidence of reduced awards or strong justification for this level of opportunity. Several key data points are missing (e.g., total_dilution_pct, ceo_max_bonus_pct_of_salary), further reducing confidence.",Pay-for-performance override: ceo_ltip_max_pct_of_salary=1111 with eps_change_pct=-99.99; Missing data: total_dilution_pct; Missing data: ceo_max_bonus_pct_of_salary; Missing data: ceo_target_bonus_pct_of_salary; Missing data: ceo_salary_increase_pct; Missing data: workforce_salary_increase_pct
BMO Global Asset Management,FOR,0.42,"The BMO GAM policy does not set explicit numeric limits or pay-for-performance triggers, and instead relies on fund-level discretion and ESG integration. The facts show strong ESG integration (esg_metrics_incentives_present=true, detailed performance_metrics), robust clawback/malus provisions (clawback_provision=true, malus_provision=true), and meaningful shareholding requirements (shareholding_requirement_ceo=3, post_cessation_holding_years=2). While ceo_ltip_max_pct_of_salary=1111 is high and financial_performance.eps_change_pct=-99.99 is very poor, the policy does not mandate an AGAINST in these circumstances, and the pay-for-performance override is not permitted (OVERRIDE_FLAGS.pay_for_performance_override_allowed=false).",Missing data: ceo_target_bonus_pct_of_salary; Missing data: ceo_max_bonus_pct_of_salary; Missing data: ceo_salary_increase_pct; Missing data: workforce_salary_increase_pct; Missing data: total_dilution_pct; Missing data: stip_dilution_pct; Missing data: dilution_policy_limit_pct
Asset Management One,AGAINST,0.4,"The CEO's maximum LTIP opportunity is extremely high (ceo_ltip_max_pct_of_salary=1111%), and the company's financial performance has deteriorated sharply (financial_performance.eps_change_pct=-99.99). The investor policy emphasizes alignment with shareholder interests and mechanisms to prevent excessive pay with poor performance. The pay-for-performance override is allowed, and both the high LTIP opportunity and severe negative performance trigger an AGAINST vote. Several key data points are missing, further reducing confidence.",Pay-for-performance override: ceo_ltip_max_pct_of_salary=1111% with eps_change_pct=-99.99; Missing data: ceo_max_bonus_pct_of_salary; Missing data: ceo_target_bonus_pct_of_salary; Missing data: total_dilution_pct; Missing data: stip_dilution_pct; Missing data: dilution_policy_limit_pct; Missing data: ceo_salary_increase_pct; Missing data: workforce_salary_increase_pct
Baillie Gifford & Co,FOR,0.43,"Baillie Gifford's policy emphasizes long-term alignment, transparent structures, and disciplined performance conditions. The LTIP is capped at 5% dilution (ltip_dilution_pct=5), clawback and malus provisions are present (clawback_provision=true, malus_provision=true), and there is a robust shareholding requirement (shareholding_requirement_ceo=3) with a post-cessation holding period (post_cessation_holding_years=2). Although the CEO's LTIP maximum opportunity is high (ceo_ltip_max_pct_of_salary=1111), the policy does not set numeric limits and the structure is long-term with ESG metrics included. Key data on bonus and salary increases is missing, but no explicit policy breach is evidenced.",Missing data: ceo_target_bonus_pct_of_salary; Missing data: ceo_max_bonus_pct_of_salary; Missing data: ceo_salary_increase_pct; Missing data: workforce_salary_increase_pct; Missing data: total_dilution_pct; Missing data: stip_dilution_pct; Missing data: dilution_policy_limit_pct
Aviva Investors Global Services Ltd,AGAINST,0.4,"The CEO's maximum LTIP opportunity is extremely high (ceo_ltip_max_pct_of_salary=1111%), which is likely to be considered excessive under Aviva's policy requiring pay to be aligned with performance and not excessive. Additionally, financial_performance.eps_change_pct is -99.99%, indicating a severe decline in performance, while no evidence of reduced awards or justification is provided. Key data is missing for total_dilution_pct, ceo_salary_increase_pct, workforce_salary_increase_pct, ceo_target_bonus_pct_of_salary, and ceo_max_bonus_pct_of_salary, further reducing confidence.",Excessive LTIP opportunity: ceo_ltip_max_pct_of_salary=1111%; Severe negative performance: financial_performance.eps_change_pct=-99.99%; Missing data: total_dilution_pct; Missing data: ceo_salary_increase_pct; Missing data: workforce_salary_increase_pct; Missing data: ceo_target_bonus_pct_of_salary; Missing data: ceo_max_bonus_pct_of_salary
BNP Paribas Asset Management France SAS,AGAINST,0.4,"The CEO's maximum LTIP opportunity is 1,111% of salary (ceo_ltip_max_pct_of_salary=1111), which is extremely high and not justified by disclosed performance or market alignment, breaching the policy's requirement for reasonableness and market alignment of remuneration amounts. Additionally, the ltip_dilution_pct is 5%, which exceeds the policy's 3% cap for corporate officers. Key data on total_dilution_pct, ceo_salary_increase_pct, ceo_target_bonus_pct_of_salary, and ceo_max_bonus_pct_of_salary are missing, further reducing confidence.","LTIP opportunity for CEO (1,111% of salary) is excessive; LTIP dilution (5%) exceeds 3% cap for corporate officers; Missing data: total_dilution_pct; Missing data: ceo_salary_increase_pct; Missing data: ceo_target_bonus_pct_of_salary; Missing data: ceo_max_bonus_pct_of_salary"
Baring Asset Management,FOR,0.4,"The investor policy states that voting follows Research Provider recommendations, with no explicit internal rules on remuneration structure, quantum, or pay-for-performance alignment. The facts show ceo_ltip_max_pct_of_salary=1111, but there is no policy threshold breached. ESG metrics are present (esg_metrics_incentives_present=true), and clawback/malus provisions are confirmed. However, key data such as ceo_max_bonus_pct_of_salary, ceo_salary_increase_pct, workforce_salary_increase_pct, and total_dilution_pct are missing, but the policy does not require AGAINST in such cases.",Missing data: ceo_max_bonus_pct_of_salary; Missing data: ceo_salary_increase_pct; Missing data: workforce_salary_increase_pct; Missing data: total_dilution_pct
Brandes Investment Partners LP,FOR,0.42,"Brandes' policy emphasizes reasonableness and performance alignment, but does not set explicit numeric limits for LTIP opportunity or require specific bonus structures. The facts show ceo_ltip_max_pct_of_salary=1111, which is high, but the policy does not prohibit this and there is no evidence of excessive pay sensitivity in the behavioural profile. The company has strong alignment features: clawback_provision=true, malus_provision=true, post_cessation_holding_years=2, shareholding_requirement_ceo=3, and esg_metrics_incentives_present=true. However, key data is missing (ceo_max_bonus_pct_of_salary, ceo_salary_increase_pct, total_dilution_pct), which reduces confidence.",Missing data: ceo_max_bonus_pct_of_salary; Missing data: ceo_salary_increase_pct; Missing data: total_dilution_pct
"Blackrock, Inc",AGAINST,0.4,"Applying BlackRock's policy and the pay-for-performance override (OVERRIDE_FLAGS.pay_for_performance_override_allowed=true): ceo_ltip_max_pct_of_salary=1111% is extremely high, and financial_performance.eps_change_pct=-99.99% indicates severe underperformance. The override requires voting AGAINST unless there is explicit evidence of reduced awards or strong justification, which is not present. Key data is also missing (e.g., ceo_max_bonus_pct_of_salary, total_dilution_pct), further reducing confidence.",Pay-for-performance misalignment: ceo_ltip_max_pct_of_salary=1111% with eps_change_pct=-99.99%; Missing data: ceo_max_bonus_pct_of_salary; Missing data: ceo_target_bonus_pct_of_salary; Missing data: total_dilution_pct; Missing data: stip_dilution_pct; Missing data: dilution_policy_limit_pct; Missing data: ceo_salary_increase_pct; Missing data: workforce_salary_increase_pct
Brewin Dolphin,AGAINST,0.4,"The CEO's maximum LTIP opportunity is extremely high at ceo_ltip_max_pct_of_salary=1111%, while financial_performance.eps_change_pct=-99.99% indicates a severe deterioration in performance. As OVERRIDE_FLAGS.pay_for_performance_override_allowed is true, this triggers a strict pay-for-performance override under the policy's alignment and justification principles. Additionally, key data such as ceo_max_bonus_pct_of_salary, ceo_salary_increase_pct, and total_dilution_pct are missing, further reducing confidence.",Pay-for-performance override: ceo_ltip_max_pct_of_salary=1111% with eps_change_pct=-99.99%; Missing data: ceo_max_bonus_pct_of_salary; Missing data: ceo_salary_increase_pct; Missing data: total_dilution_pct; Missing data: workforce_salary_increase_pct
British Columbia Investment Management Corporation (BCI),AGAINST,0.35,"Applying the pay-for-performance override (OVERRIDE_FLAGS.pay_for_performance_override_allowed=true), the CEO's maximum LTIP opportunity is extremely high (ceo_ltip_max_pct_of_salary=1111), while financial_performance.eps_change_pct is -99.99%, indicating a severe decline. BCI policy requires strong performance alignment and moderation, which is not evidenced here. Additionally, key data is missing for total_dilution_pct, ceo_salary_increase_pct, workforce_salary_increase_pct, and bonus opportunity, further reducing confidence.",Pay-for-performance override: ceo_ltip_max_pct_of_salary=1111 with eps_change_pct=-99.99; Missing data: total_dilution_pct; Missing data: ceo_salary_increase_pct; Missing data: workforce_salary_increase_pct; Missing data: ceo_target_bonus_pct_of_salary; Missing data: ceo_max_bonus_pct_of_salary
"Boston Partners Global Investors, Inc",AGAINST,0.4,"Applying the pay-for-performance override (allowed by OVERRIDE_FLAGS), the CEO's maximum LTIP opportunity is extremely high (ceo_ltip_max_pct_of_salary=1111), while financial_performance.eps_change_pct is -99.99%, indicating a severe decline in performance. The policy places strong emphasis on pay-for-performance alignment and opposes excessive pay not justified by results. Key data on total_dilution_pct, ceo_max_bonus_pct_of_salary, and bonus opportunity are missing, further reducing confidence.",Pay-for-performance misalignment: ceo_ltip_max_pct_of_salary=1111 with eps_change_pct=-99.99; Missing data: total_dilution_pct; Missing data: ceo_max_bonus_pct_of_salary; Missing data: ceo_target_bonus_pct_of_salary
COMGEST GLOBAL INVESTORS S.A.S. (Comgest),AGAINST,0.4,"Applying the pay-for-performance override (allowed by OVERRIDE_FLAGS), the CEO's maximum LTIP opportunity is extremely high (ceo_ltip_max_pct_of_salary=1111), while financial_performance.eps_change_pct is -99.99%, indicating severe underperformance. The policy explicitly opposes paying for failure and requires alignment with performance. Additionally, key data is missing (total_dilution_pct, ceo_max_bonus_pct_of_salary, ceo_target_bonus_pct_of_salary), further reducing confidence.",Pay-for-performance misalignment: ceo_ltip_max_pct_of_salary=1111 with eps_change_pct=-99.99; Missing data: total_dilution_pct; Missing data: ceo_max_bonus_pct_of_salary; Missing data: ceo_target_bonus_pct_of_salary
Caisse des Depots et Consignations,AGAINST,0.35,"The CEO's maximum LTIP opportunity is 1,111% of salary (ceo_ltip_max_pct_of_salary=1111), which vastly exceeds the policy cap of 400% maximum for variable compensation and 1% of share capital per annum for equity awards (ltip_dilution_pct=5). Key data on CEO bonus opportunity, salary increases, and total dilution are missing (ceo_target_bonus_pct_of_salary, ceo_max_bonus_pct_of_salary, ceo_salary_increase_pct, total_dilution_pct). The severe misalignment between pay opportunity and the policy's moderation and cap requirements, combined with missing critical data, drives an AGAINST recommendation.",ceo_ltip_max_pct_of_salary exceeds policy maximum; ltip_dilution_pct exceeds 1% per annum policy limit; Missing data: ceo_target_bonus_pct_of_salary; Missing data: ceo_max_bonus_pct_of_salary; Missing data: ceo_salary_increase_pct; Missing data: workforce_salary_increase_pct; Missing data: total_dilution_pct; Missing data: stip_dilution_pct; Missing data: dilution_policy_limit_pct
Canada Life,AGAINST,0.4,"The CEO's maximum LTIP opportunity is extremely high (ceo_ltip_max_pct_of_salary=1111), and the company's financial performance has deteriorated sharply (financial_performance.eps_change_pct=-99.99). The Canada Life policy requires remuneration to be closely linked to performance and opposes excessive awards; the pay-for-performance override is triggered by the combination of poor performance and excessive LTIP opportunity. Key data on CEO bonus and salary increases are missing, further reducing confidence.",Pay-for-performance override: ceo_ltip_max_pct_of_salary=1111 with eps_change_pct=-99.99; Missing data: ceo_max_bonus_pct_of_salary; Missing data: ceo_target_bonus_pct_of_salary; Missing data: ceo_salary_increase_pct; Missing data: workforce_salary_increase_pct; Missing data: total_dilution_pct; Missing data: stip_dilution_pct; Missing data: dilution_policy_limit_pct
Calvert Research and Management,AGAINST,0.4,"Applying the pay-for-performance override (per OVERRIDE_FLAGS), the CEO's maximum LTIP opportunity is extremely high (ceo_ltip_max_pct_of_salary=1111), while financial_performance.eps_change_pct is -99.99%, indicating a severe decline in performance. The policy requires pay to align with performance over the business cycle, and there is no evidence of reduced awards or strong justification for this level of opportunity. Key data on total_dilution_pct, ceo_max_bonus_pct_of_salary, and bonus outcomes are also missing, further reducing confidence.",Pay-for-performance misalignment: ceo_ltip_max_pct_of_salary=1111 with financial_performance.eps_change_pct=-99.99; Missing data: total_dilution_pct; Missing data: ceo_max_bonus_pct_of_salary; Missing data: ceo_target_bonus_pct_of_salary
California State Teachers' Retirement System,FOR,0.42,"The remuneration structure includes strong alignment features: ceo_ltip_max_pct_of_salary=1111 (high, but justified by absence of annual/short-term bonus, robust shareholding requirement, post-cessation holding period, and explicit ESG metrics in incentives). Clawback and malus provisions are present (clawback_provision=true, malus_provision=true), and ESG metrics are integrated (esg_metrics_incentives_present=true). However, several key data points are missing (e.g., total_dilution_pct, ceo_max_bonus_pct_of_salary, ceo_salary_increase_pct), which limits full assessment but does not indicate a clear breach of CalSTRS policy.",Missing data: total_dilution_pct; Missing data: stip_dilution_pct; Missing data: dilution_policy_limit_pct; Missing data: ceo_salary_increase_pct; Missing data: workforce_salary_increase_pct; Missing data: ceo_target_bonus_pct_of_salary; Missing data: ceo_max_bonus_pct_of_salary
Canada Pension Plan Investment Board,AGAINST,0.4,"The CEO's maximum LTIP opportunity is extremely high (ceo_ltip_max_pct_of_salary=1111), while financial_performance.eps_change_pct is -99.99%, indicating a severe decline. The pay-for-performance override is allowed and triggered, as the policy requires a significant relationship between pay and performance. Key bonus and dilution data are missing (ceo_max_bonus_pct_of_salary, ceo_target_bonus_pct_of_salary, total_dilution_pct), further reducing confidence.",Pay-for-performance misalignment: ceo_ltip_max_pct_of_salary=1111 with eps_change_pct=-99.99; Missing data: ceo_max_bonus_pct_of_salary; Missing data: ceo_target_bonus_pct_of_salary; Missing data: total_dilution_pct; Missing data: dilution_policy_limit_pct
Canada Post Corp. Registered Pension Plan (Invt Mgmt),AGAINST,0.4,"Applying the pay-for-performance override (allowed by OVERRIDE_FLAGS), the CEO's maximum LTIP opportunity is extremely high (ceo_ltip_max_pct_of_salary=1111), while financial_performance.eps_change_pct is -99.99%, indicating a severe pay-for-performance disconnect. The policy explicitly opposes rewarding failure or mediocrity and expects performance alignment. Several key data points are missing (total_dilution_pct, ceo_max_bonus_pct_of_salary, bonus data), further reducing confidence.",Pay-for-performance disconnect: ceo_ltip_max_pct_of_salary=1111 with eps_change_pct=-99.99; Missing data: total_dilution_pct; Missing data: ceo_max_bonus_pct_of_salary; Missing data: ceo_target_bonus_pct_of_salary; Missing data: ceo_salary_increase_pct; Missing data: workforce_salary_increase_pct
Candriam Investors Group,AGAINST,0.4,"The CEO's maximum LTIP opportunity is extremely high at ceo_ltip_max_pct_of_salary=1111%, while financial_performance.eps_change_pct is -99.99%, indicating a severe pay-for-performance misalignment. The investor's policy and behavioural profile both highlight excessive variable pay and pay-for-performance failure as key triggers for opposition. Key data on ceo_max_bonus_pct_of_salary, ceo_target_bonus_pct_of_salary, and total_dilution_pct are missing, further reducing confidence and transparency.",Excessive variable pay: ceo_ltip_max_pct_of_salary=1111%; Pay-for-performance failure: financial_performance.eps_change_pct=-99.99%; Missing data: ceo_max_bonus_pct_of_salary; Missing data: ceo_target_bonus_pct_of_salary; Missing data: total_dilution_pct
Capital Research & Management Co. (World Investors),AGAINST,0.4,"The CEO's maximum LTIP opportunity is extremely high (ceo_ltip_max_pct_of_salary=1111), and financial_performance.eps_change_pct shows a dramatic decline (-99.99%). The investor policy expects performance alignment and scrutinizes excessive pay, and the pay-for-performance override is allowed. Key data on total_dilution_pct, ceo_max_bonus_pct_of_salary, and bonus structure are missing, further reducing confidence.",Pay-for-performance override: ceo_ltip_max_pct_of_salary=1111 with eps_change_pct=-99.99; Missing data: total_dilution_pct; Missing data: ceo_max_bonus_pct_of_salary; Missing data: ceo_target_bonus_pct_of_salary; Missing data: ceo_salary_increase_pct; Missing data: workforce_salary_increase_pct
"Charles Schwab Investment Management, Inc",AGAINST,0.4,"The CEO's maximum LTIP opportunity is extremely high (ceo_ltip_max_pct_of_salary=1111), which raises concerns under the policy's emphasis on avoiding excessive compensation and ensuring alignment with shareholder interests. Additionally, financial_performance.eps_change_pct is -99.99, indicating severe underperformance, and there is no evidence of reduced awards or justification for such a high LTIP. Key data is missing for total_dilution_pct, ceo_target_bonus_pct_of_salary, ceo_max_bonus_pct_of_salary, and other bonus-related fields, further reducing transparency.",Excessive CEO LTIP opportunity: ceo_ltip_max_pct_of_salary=1111; Severe negative financial performance: financial_performance.eps_change_pct=-99.99; Missing data: total_dilution_pct; Missing data: ceo_target_bonus_pct_of_salary; Missing data: ceo_max_bonus_pct_of_salary; Missing data: ceo_salary_increase_pct; Missing data: workforce_salary_increase_pct
Cardano (fka ACTIAM NV),AGAINST,0.95,"Applying the pay-for-performance override (per OVERRIDE_FLAGS), the CEO's maximum LTIP opportunity is extremely high (ceo_ltip_max_pct_of_salary=1111), while financial_performance.eps_change_pct is -99.99%, indicating a collapse in earnings. Although ESG metrics are present (esg_metrics_incentives_present=true) and clawback/malus provisions are in place, the combination of excessive LTIP opportunity and severe financial underperformance triggers an AGAINST under Cardano's policy and the override rule.",Pay-for-performance override: ceo_ltip_max_pct_of_salary=1111 with eps_change_pct=-99.99%; Missing data: ceo_max_bonus_pct_of_salary; Missing data: ceo_target_bonus_pct_of_salary; Missing data: total_dilution_pct; Missing data: stip_dilution_pct; Missing data: dilution_policy_limit_pct; Missing data: ceo_salary_increase_pct; Missing data: workforce_salary_increase_pct
Chelverton Asset Management,AGAINST,0.4,"The CEO's maximum LTIP opportunity is extremely high (ceo_ltip_max_pct_of_salary=1111%), while financial_performance.eps_change_pct is -99.99%, indicating a severe disconnect between pay opportunity and performance. Although clawback and malus provisions are present and ESG metrics are included, the policy requires performance alignment and challenging thresholds, which are not evidenced here. Key data on total_dilution_pct, ceo_salary_increase_pct, and bonus opportunity are missing, further reducing confidence.",Excessive ceo_ltip_max_pct_of_salary: 1111%; Severe negative financial_performance.eps_change_pct: -99.99%; Missing data: total_dilution_pct; Missing data: ceo_salary_increase_pct; Missing data: ceo_target_bonus_pct_of_salary; Missing data: ceo_max_bonus_pct_of_salary
"Churches, Charities, and Local Authorities Investment Management Limited (CCLA Investment Management)",AGAINST,0.35,"The CEO's maximum LTIP opportunity is 1,111% of salary (ceo_ltip_max_pct_of_salary=1111), which far exceeds the CCLA policy limit of total incentive remuneration not exceeding 600% of salary. Additionally, financial_performance.eps_change_pct is -99.99%, triggering the pay-for-performance override (as OVERRIDE_FLAGS.pay_for_performance_override_allowed is true), and there is no evidence of reduced awards or strong justification. Key data on ceo_max_bonus_pct_of_salary, ceo_target_bonus_pct_of_salary, and total_dilution_pct are missing, further reducing confidence.",ceo_ltip_max_pct_of_salary exceeds 600% policy limit; Pay-for-performance override triggered: severe EPS decline with excessive LTIP opportunity; Missing data: ceo_max_bonus_pct_of_salary; Missing data: ceo_target_bonus_pct_of_salary; Missing data: total_dilution_pct
Cohen & Steers,AGAINST,0.4,"The CEO's maximum LTIP opportunity is extremely high at ceo_ltip_max_pct_of_salary=1111%, which raises concerns about proportionality and reasonableness per policy. Additionally, financial_performance.eps_change_pct is -99.99%, indicating extreme underperformance, which the policy cites as grounds for opposing remuneration. Key data such as ceo_max_bonus_pct_of_salary, ceo_target_bonus_pct_of_salary, and total_dilution_pct are missing, further reducing confidence in the plan's appropriateness.",Excessive ceo_ltip_max_pct_of_salary: 1111%; Extreme underperformance: financial_performance.eps_change_pct=-99.99; Missing data: ceo_max_bonus_pct_of_salary; Missing data: ceo_target_bonus_pct_of_salary; Missing data: total_dilution_pct; Missing data: dilution_policy_limit_pct; Missing data: ceo_salary_increase_pct; Missing data: workforce_salary_increase_pct
Colorado Public Employees' Retirement Association,FOR,0.43,"PERA's policy emphasizes performance-based pay, long-term alignment, clawbacks, and dilution limits. The LTIP dilution is at the 5% threshold (ltip_dilution_pct=5), which complies with the policy. Clawback and malus provisions are present (clawback_provision=true, malus_provision=true), and there are robust shareholding and post-cessation holding requirements (shareholding_requirement_ceo=3, post_cessation_holding_years=2). While the CEO LTIP maximum opportunity is high (ceo_ltip_max_pct_of_salary=1111), the policy does not set a cap, and the investor is not pay-for-performance sensitive. However, several key data points are missing, including total_dilution_pct, bonus opportunity, and salary increases.",Missing data: total_dilution_pct; Missing data: ceo_target_bonus_pct_of_salary; Missing data: ceo_max_bonus_pct_of_salary; Missing data: ceo_salary_increase_pct; Missing data: workforce_salary_increase_pct
Columbia Threadneedle Investments,AGAINST,0.4,"The policy expects good governance and alignment of pay with performance. The ceo_ltip_max_pct_of_salary is extremely high at 1,111%, while financial_performance.eps_change_pct is -99.99%, indicating a severe disconnect between pay opportunity and company performance. The pay_for_performance_override is allowed and triggered. Several key data points are missing (e.g., ceo_max_bonus_pct_of_salary, ceo_salary_increase_pct), further reducing confidence.",Pay-for-performance misalignment: ceo_ltip_max_pct_of_salary=1111 with eps_change_pct=-99.99; Missing data: ceo_max_bonus_pct_of_salary; Missing data: ceo_salary_increase_pct; Missing data: workforce_salary_increase_pct; Missing data: total_dilution_pct; Missing data: stip_dilution_pct; Missing data: dilution_policy_limit_pct; Missing data: ceo_target_bonus_pct_of_salary
Connor Clark & Lunn,AGAINST,0.4,"Applying the pay-for-performance override (per OVERRIDE_FLAGS), the CEO's maximum LTIP opportunity is extremely high (ceo_ltip_max_pct_of_salary=1111), while financial_performance.eps_change_pct is -99.99%, indicating a severe decline in performance. The investor policy requires pay-for-performance alignment and reasonable pay practices, which are not evidenced here. Additionally, key data is missing (ceo_max_bonus_pct_of_salary, ceo_target_bonus_pct_of_salary, total_dilution_pct), further reducing confidence.",Pay-for-performance misalignment: ceo_ltip_max_pct_of_salary=1111 with eps_change_pct=-99.99; Missing data: ceo_max_bonus_pct_of_salary; Missing data: ceo_target_bonus_pct_of_salary; Missing data: total_dilution_pct; Missing data: dilution_policy_limit_pct
Comptroller NYC,AGAINST,0.4,"Applying the pay-for-performance override (per OVERRIDE_FLAGS), the CEO's maximum LTIP opportunity is extremely high (ceo_ltip_max_pct_of_salary=1111), while financial_performance.eps_change_pct is -99.99%, indicating a severe decline in performance. The investor policy requires pay to be aligned with long-term performance, and this combination of high potential payout and poor results breaches that principle. Additionally, key data is missing for total_dilution_pct, ceo_max_bonus_pct_of_salary, and other fields, further reducing confidence.",Pay-for-performance misalignment: ceo_ltip_max_pct_of_salary=1111 with financial_performance.eps_change_pct=-99.99; Missing data: total_dilution_pct; Missing data: ceo_max_bonus_pct_of_salary; Missing data: ceo_target_bonus_pct_of_salary; Missing data: ceo_salary_increase_pct; Missing data: workforce_salary_increase_pct
DNB Asset Management,AGAINST,0.7,"The CEO's maximum LTIP opportunity is extremely high at ceo_ltip_max_pct_of_salary=1111%, while financial_performance.eps_change_pct=-99.99% indicates a catastrophic decline in earnings per share. Although DNB AM's policy does not specify numeric caps, the pay_for_performance_override is allowed and the facts trigger it: very high LTIP opportunity combined with severe financial underperformance. Key data on ceo_max_bonus_pct_of_salary and salary increases are missing, but the override alone justifies an AGAINST vote.",Pay-for-performance override: ceo_ltip_max_pct_of_salary=1111% with eps_change_pct=-99.99%; Missing data: ceo_max_bonus_pct_of_salary; Missing data: ceo_salary_increase_pct; Missing data: workforce_salary_increase_pct; Missing data: total_dilution_pct; Missing data: stip_dilution_pct; Missing data: dilution_policy_limit_pct
Credit Suisse Asset Management (Schweiz) AG,FOR,0.43,"The remuneration structure includes a three-year LTIP with a 1,111% of salary maximum (ceo_ltip_max_pct_of_salary=1111), but this is balanced by strong performance conditions (performance_metrics present), ESG metrics (esg_metrics_incentives_present=true), malus and clawback provisions (clawback_provision=true, malus_provision=true), and a robust shareholding requirement (shareholding_requirement_ceo=3x salary). LTIP dilution is within policy limits (ltip_dilution_pct=5). However, key data is missing for total_dilution_pct, ceo_salary_increase_pct, workforce_salary_increase_pct, ceo_target_bonus_pct_of_salary, and ceo_max_bonus_pct_of_salary, which reduces confidence.",Missing data: total_dilution_pct; Missing data: ceo_salary_increase_pct; Missing data: workforce_salary_increase_pct; Missing data: ceo_target_bonus_pct_of_salary; Missing data: ceo_max_bonus_pct_of_salary
DNCA Investments,AGAINST,0.4,"The ceo_ltip_max_pct_of_salary is extremely high at 1,111%, which is manifestly excessive and breaches DNCA's policy against excessive remuneration (ceo_ltip_max_pct_of_salary=1111). Additionally, ltip_dilution_pct is 5%, which exceeds the policy's 1% cap for outstanding plans (ltip_dilution_pct=5). Key data on total_dilution_pct, ceo_salary_increase_pct, workforce_salary_increase_pct, ceo_target_bonus_pct_of_salary, and ceo_max_bonus_pct_of_salary are missing, further reducing confidence.",Excessive LTIP opportunity: ceo_ltip_max_pct_of_salary=1111; LTIP dilution exceeds 1% policy cap: ltip_dilution_pct=5; Missing data: total_dilution_pct; Missing data: ceo_salary_increase_pct; Missing data: workforce_salary_increase_pct; Missing data: ceo_target_bonus_pct_of_salary; Missing data: ceo_max_bonus_pct_of_salary
Degroof Petercam,AGAINST,0.7,"Applying the pay-for-performance override (per OVERRIDE_FLAGS), the company’s financial_performance.eps_change_pct is -99.99%, indicating a collapse in earnings, while ceo_ltip_max_pct_of_salary is extremely high at 1,111%. Although clawback_provision and ESG metrics are present, the policy and override require voting AGAINST when pay is not aligned with performance and LTIP opportunity is excessive during severe financial deterioration. Key bonus and salary increase data are missing, but the override is decisive.",Pay-for-performance override: ceo_ltip_max_pct_of_salary=1111 with financial_performance.eps_change_pct=-99.99; Missing data: ceo_target_bonus_pct_of_salary; Missing data: ceo_max_bonus_pct_of_salary; Missing data: ceo_salary_increase_pct; Missing data: workforce_salary_increase_pct; Missing data: total_dilution_pct; Missing data: stip_dilution_pct; Missing data: dilution_policy_limit_pct
Deka Investment GmbH,AGAINST,0.4,"The CEO's maximum LTIP opportunity is extremely high (ceo_ltip_max_pct_of_salary=1111), and the company's financial performance has deteriorated sharply (financial_performance.eps_change_pct=-99.99). The pay-for-performance override is permitted by OVERRIDE_FLAGS, and there is no evidence of reduced awards or strong justification for this level of pay in the context of such poor performance. Additionally, key data is missing for ceo_max_bonus_pct_of_salary, ceo_target_bonus_pct_of_salary, and total_dilution_pct, further reducing confidence.",Pay-for-performance override: ceo_ltip_max_pct_of_salary=1111 with eps_change_pct=-99.99; Missing data: ceo_max_bonus_pct_of_salary; Missing data: ceo_target_bonus_pct_of_salary; Missing data: total_dilution_pct
Dimensional Fund Advisors LP,AGAINST,0.4,"The CEO's maximum LTIP opportunity is extremely high (ceo_ltip_max_pct_of_salary=1111%), and the company's financial performance has deteriorated sharply (financial_performance.eps_change_pct=-99.99). The Dimensional policy expects pay to be aligned with performance and to avoid excessive quantum. The pay-for-performance override is permitted, and there is no evidence of reduced awards or strong justification for this quantum given the performance. Additionally, key data is missing on total_dilution_pct, ceo_max_bonus_pct_of_salary, and bonus opportunity, further reducing confidence.",Excessive LTIP opportunity: ceo_ltip_max_pct_of_salary=1111%; Severe financial underperformance: financial_performance.eps_change_pct=-99.99; Missing data: total_dilution_pct; Missing data: ceo_max_bonus_pct_of_salary; Missing data: ceo_target_bonus_pct_of_salary
Dodge & Cox,AGAINST,0.4,"Applying the pay-for-performance override (allowed by OVERRIDE_FLAGS), the CEO's maximum LTIP opportunity is extremely high (ceo_ltip_max_pct_of_salary=1111), while financial_performance.eps_change_pct is -99.99%, indicating a severe decline in performance. The Dodge & Cox policy emphasizes alignment with long-term shareholder value and prudent dilution, and such a high LTIP opportunity in the context of drastic underperformance is not justified by the facts provided. Several key data points are missing, further reducing confidence.",Pay-for-performance misalignment: ceo_ltip_max_pct_of_salary=1111 with eps_change_pct=-99.99; Missing data: total_dilution_pct; Missing data: stip_dilution_pct; Missing data: dilution_policy_limit_pct; Missing data: ceo_salary_increase_pct; Missing data: workforce_salary_increase_pct; Missing data: ceo_target_bonus_pct_of_salary; Missing data: ceo_max_bonus_pct_of_salary
Driehaus Capital Management,FOR,0.4,"Driehaus Capital Management's policy relies on ISS recommendations and does not specify numeric or qualitative thresholds for remuneration structures. While ceo_ltip_max_pct_of_salary is high at 1,111%, there is no explicit policy rule breached. Key features such as clawback_provision, malus_provision, post_cessation_holding_years, and shareholding_requirement_ceo are present. However, several important data points are missing (e.g., ceo_max_bonus_pct_of_salary, total_dilution_pct), but the policy does not require AGAINST votes for missing data.",Missing data: total_dilution_pct; Missing data: stip_dilution_pct; Missing data: dilution_policy_limit_pct; Missing data: ceo_salary_increase_pct; Missing data: workforce_salary_increase_pct; Missing data: ceo_target_bonus_pct_of_salary; Missing data: ceo_max_bonus_pct_of_salary
Duff & Phelps Investment Management,FOR,0.4,"The investor policy lacks explicit remuneration rules and does not specify thresholds or requirements for LTIP opportunity, dilution, or pay-for-performance alignment. While ceo_ltip_max_pct_of_salary is high at 1,111%, there is no policy provision to vote AGAINST on this basis. Clawback and malus provisions are present (clawback_provision=true, malus_provision=true), and ESG metrics are included in incentives (esg_metrics_incentives_present=true). Key data such as ceo_max_bonus_pct_of_salary, ceo_salary_increase_pct, and total_dilution_pct are missing, but the policy does not require these for a FOR/AGAINST decision.",Missing data: ceo_max_bonus_pct_of_salary; Missing data: ceo_salary_increase_pct; Missing data: workforce_salary_increase_pct; Missing data: total_dilution_pct; Missing data: stip_dilution_pct; Missing data: dilution_policy_limit_pct
Eaton Vance Management,FOR,0.4,"The investor policy does not specify explicit numeric or qualitative thresholds for remuneration, dilution, or pay-for-performance alignment, and instead refers to adherence to internal Guidelines, which are not provided. The facts show the presence of clawback and malus provisions (clawback_provision=true, malus_provision=true), a robust shareholding requirement (shareholding_requirement_ceo=3), a post-cessation holding period (post_cessation_holding_years=2), and ESG metrics in incentives (esg_metrics_incentives_present=true). While ceo_ltip_max_pct_of_salary is high (1111), there is no policy rule or behavioural evidence indicating this alone would trigger an AGAINST. However, several key data points are missing (e.g., ceo_max_bonus_pct_of_salary, ceo_target_bonus_pct_of_salary, total_dilution_pct), which reduces confidence.",Missing data: total_dilution_pct; Missing data: stip_dilution_pct; Missing data: dilution_policy_limit_pct; Missing data: ceo_salary_increase_pct; Missing data: workforce_salary_increase_pct; Missing data: ceo_target_bonus_pct_of_salary; Missing data: ceo_max_bonus_pct_of_salary
Edinburgh Partners Ltd,AGAINST,0.4,"The CEO's maximum LTIP opportunity is extremely high (ceo_ltip_max_pct_of_salary=1111%), which is not justified by performance alignment given the financial_performance.eps_change_pct=-99.99%. The policy requires remuneration to be clearly linked to company performance and to avoid 'pay for failure' arrangements. Additionally, key data is missing for total_dilution_pct, ceo_target_bonus_pct_of_salary, ceo_max_bonus_pct_of_salary, and salary increases, further reducing confidence in compliance with policy requirements.",Excessive CEO LTIP opportunity: ceo_ltip_max_pct_of_salary=1111%; Pay-for-performance misalignment: financial_performance.eps_change_pct=-99.99%; Missing data: total_dilution_pct; Missing data: ceo_target_bonus_pct_of_salary; Missing data: ceo_max_bonus_pct_of_salary; Missing data: ceo_salary_increase_pct; Missing data: workforce_salary_increase_pct
Erste Asset Management,AGAINST,0.4,"The CEO's maximum LTIP opportunity is extremely high (ceo_ltip_max_pct_of_salary=1111), and financial performance has deteriorated sharply (financial_performance.eps_change_pct=-99.99). The pay-for-performance override is permitted by OVERRIDE_FLAGS, and there is no evidence of reduced awards or strong justification for this level of pay given the performance. Key data on CEO bonus and salary increases are missing, further reducing confidence.",Pay-for-performance misalignment: ceo_ltip_max_pct_of_salary=1111 with eps_change_pct=-99.99; Missing data: ceo_target_bonus_pct_of_salary; Missing data: ceo_max_bonus_pct_of_salary; Missing data: ceo_salary_increase_pct; Missing data: workforce_salary_increase_pct; Missing data: total_dilution_pct; Missing data: stip_dilution_pct; Missing data: dilution_policy_limit_pct
Ethos,AGAINST,0.4,"The CEO's maximum LTIP opportunity is 1,111% of salary (ceo_ltip_max_pct_of_salary=1111), which vastly exceeds the Ethos policy cap of 450% (3x on-target, with on-target capped at 1.5x salary). Key data on CEO target and maximum bonus (ceo_target_bonus_pct_of_salary, ceo_max_bonus_pct_of_salary) and total plan dilution (total_dilution_pct) are missing, further undermining transparency. Additionally, financial_performance.eps_change_pct is -99.99%, indicating a severe decline, which raises further concerns about pay-for-performance alignment, though the override is not permitted.",CEO LTIP maximum opportunity exceeds policy cap; Missing data: ceo_target_bonus_pct_of_salary; Missing data: ceo_max_bonus_pct_of_salary; Missing data: total_dilution_pct
FIL Investment Advisors (UK) Ltd,AGAINST,0.4,"Applying the pay-for-performance override (allowed by OVERRIDE_FLAGS), the CEO's maximum LTIP opportunity is extremely high (ceo_ltip_max_pct_of_salary=1111), while financial_performance.eps_change_pct is -99.99%, indicating severe financial underperformance. The FIL policy requires performance alignment and opposes excessive pay, especially when not justified by results. Key data on total_dilution_pct, ceo_max_bonus_pct_of_salary, and bonus opportunity are missing, further reducing confidence.",Pay-for-performance misalignment: ceo_ltip_max_pct_of_salary=1111 with eps_change_pct=-99.99; Missing data: total_dilution_pct; Missing data: ceo_max_bonus_pct_of_salary; Missing data: ceo_target_bonus_pct_of_salary
Fiera Capital Corp,AGAINST,0.4,"The CEO's maximum LTIP opportunity is extremely high at ceo_ltip_max_pct_of_salary=1111%, which is excessive and not aligned with Fiera Capital's policy prioritizing restraint on excessive pay. The pay-for-performance override applies as OVERRIDE_FLAGS.pay_for_performance_override_allowed is true and financial_performance.eps_change_pct=-99.99 indicates a severe decline, with no evidence of reduced awards or strong justification. Key data is missing for ceo_max_bonus_pct_of_salary, ceo_target_bonus_pct_of_salary, and total_dilution_pct, further reducing confidence.",Excessive LTIP opportunity: ceo_ltip_max_pct_of_salary=1111%; Pay-for-performance override triggered: financial_performance.eps_change_pct=-99.99; Missing data: ceo_max_bonus_pct_of_salary; Missing data: ceo_target_bonus_pct_of_salary; Missing data: total_dilution_pct
Florida RSTF,AGAINST,0.4,"The CEO's maximum LTIP opportunity is extremely high (ceo_ltip_max_pct_of_salary=1111%), and financial_performance.eps_change_pct is -99.99%, indicating a severe pay-for-performance misalignment. The pay_for_performance_override is allowed, and there is no evidence of reduced awards or strong justification for this level of opportunity in the context of such poor performance. Key data on CEO bonus and salary increases are missing, further reducing confidence.",Pay-for-performance misalignment: ceo_ltip_max_pct_of_salary=1111% with eps_change_pct=-99.99%; Missing data: ceo_max_bonus_pct_of_salary; Missing data: ceo_target_bonus_pct_of_salary; Missing data: ceo_salary_increase_pct; Missing data: workforce_salary_increase_pct; Missing data: total_dilution_pct; Missing data: stip_dilution_pct; Missing data: dilution_policy_limit_pct
Franklin Templeton Fund Management Ltd,FOR,0.4,"The investor policy provides no explicit rules or thresholds for remuneration voting, instead emphasizing independent judgment and consideration of third-party recommendations. While ceo_ltip_max_pct_of_salary is high at 1,111%, there are no policy limits breached. Clawback and malus provisions are present (clawback_provision=true, malus_provision=true), ESG metrics are included (esg_metrics_incentives_present=true), and shareholding requirements are robust. Key data such as ceo_max_bonus_pct_of_salary, ceo_salary_increase_pct, and total_dilution_pct are missing, but the policy does not require AGAINST votes for missing data.",Missing data: ceo_max_bonus_pct_of_salary; Missing data: ceo_salary_increase_pct; Missing data: workforce_salary_increase_pct; Missing data: total_dilution_pct; Missing data: stip_dilution_pct; Missing data: dilution_policy_limit_pct
Florida state board of Adminstration (fsba),AGAINST,0.4,"The CEO's maximum LTIP opportunity is extremely high (ceo_ltip_max_pct_of_salary=1111%), while financial_performance.eps_change_pct is -99.99%, indicating a severe disconnect between pay opportunity and company performance, which breaches the policy's pay-for-performance alignment requirement. Additionally, critical data is missing for total_dilution_pct, ceo_max_bonus_pct_of_salary, and other bonus/salary increase fields, further undermining transparency and the ability to assess reasonableness as required by policy.",Pay-for-performance misalignment: ceo_ltip_max_pct_of_salary=1111% with eps_change_pct=-99.99%; Missing data: total_dilution_pct; Missing data: ceo_max_bonus_pct_of_salary; Missing data: ceo_target_bonus_pct_of_salary; Missing data: ceo_salary_increase_pct; Missing data: workforce_salary_increase_pct
GMO Funds Public Limited Company,FOR,0.45,"The investor policy does not specify any explicit rules regarding salary, bonus, LTIP opportunity, dilution, or pay-for-performance alignment. The facts show the presence of clawback and malus provisions (clawback_provision=true, malus_provision=true), a post-cessation holding period (post_cessation_holding_years=2), a significant shareholding requirement (shareholding_requirement_ceo=3), and ESG metrics in incentives (esg_metrics_incentives_present=true). While ceo_ltip_max_pct_of_salary is high (1111) and financial_performance.eps_change_pct is sharply negative (-99.99), the policy provides no basis for an AGAINST absent the pay-for-performance override, which is not allowed (OVERRIDE_FLAGS.pay_for_performance_override_allowed=false).",Missing data: total_dilution_pct; Missing data: stip_dilution_pct; Missing data: dilution_policy_limit_pct; Missing data: ceo_salary_increase_pct; Missing data: workforce_salary_increase_pct; Missing data: ceo_target_bonus_pct_of_salary; Missing data: ceo_max_bonus_pct_of_salary
First Sentier Investors,AGAINST,0.95,"The pay-for-performance override applies: ceo_ltip_max_pct_of_salary=1111 is extremely high, and financial_performance.eps_change_pct=-99.99 indicates a severe decline in performance. The policy explicitly opposes a significant disconnect between pay and performance. While clawback, malus, ESG metrics, and shareholding requirements are present, the excessive LTIP opportunity in the context of poor financial results breaches the investor's pay-for-performance alignment principle.",Pay-for-performance misalignment: ceo_ltip_max_pct_of_salary=1111 with eps_change_pct=-99.99
Gresham House Asset Management,FOR,0.4,"The investor policy does not specify explicit remuneration limits but emphasizes ESG integration and alignment with ISS Sustainability Policy. The facts show strong ESG metrics in incentives (esg_metrics_incentives_present=true), robust clawback and malus provisions (clawback_provision=true, malus_provision=true), and a meaningful shareholding requirement (shareholding_requirement_ceo=3). Although ceo_ltip_max_pct_of_salary is high (1111), the policy does not prohibit this, and the pay-for-performance override is not allowed. However, several key remuneration data points are missing.",Missing data: ceo_target_bonus_pct_of_salary; Missing data: ceo_max_bonus_pct_of_salary; Missing data: ceo_salary_increase_pct; Missing data: workforce_salary_increase_pct; Missing data: total_dilution_pct; Missing data: stip_dilution_pct; Missing data: dilution_policy_limit_pct
Geode Capital Management LLC,AGAINST,0.4,"The CEO's maximum LTIP opportunity is extremely high at ceo_ltip_max_pct_of_salary=1111%, and financial_performance.eps_change_pct=-99.99 indicates a severe decline in earnings per share. As OVERRIDE_FLAGS.pay_for_performance_override_allowed is true, the strict pay-for-performance override applies, requiring a vote AGAINST in the absence of explicit evidence of reduced awards or strong justification. Additionally, key data such as total_dilution_pct, ceo_max_bonus_pct_of_salary, and bonus data are missing, further reducing confidence.",Pay-for-performance override: ceo_ltip_max_pct_of_salary=1111% with eps_change_pct=-99.99; Missing data: total_dilution_pct; Missing data: ceo_max_bonus_pct_of_salary; Missing data: ceo_target_bonus_pct_of_salary
Goldman Sachs Asset Management LP,AGAINST,0.4,"The CEO's maximum LTIP opportunity is extremely high (ceo_ltip_max_pct_of_salary=1111%), and the company's financial performance has deteriorated sharply (financial_performance.eps_change_pct=-99.99). The pay-for-performance override is permitted by OVERRIDE_FLAGS, and there is no evidence of reduced awards or strong justification for this level of pay given the performance. Additionally, key data is missing for ceo_max_bonus_pct_of_salary, ceo_target_bonus_pct_of_salary, ceo_salary_increase_pct, and workforce_salary_increase_pct, further reducing confidence.",Pay-for-performance disconnect: ceo_ltip_max_pct_of_salary=1111% with eps_change_pct=-99.99; Missing data: ceo_max_bonus_pct_of_salary; Missing data: ceo_target_bonus_pct_of_salary; Missing data: ceo_salary_increase_pct; Missing data: workforce_salary_increase_pct; Missing data: total_dilution_pct; Missing data: stip_dilution_pct; Missing data: dilution_policy_limit_pct
Guardians of New Zealand Superannuation,FOR,0.43,"The investor policy emphasizes alignment of pay and performance, transparency, and shareholder rights, but does not set numeric limits on LTIP opportunity or dilution. The ceo_ltip_max_pct_of_salary is high at 1111%, but there is no explicit policy threshold breached. LTIP dilution is 5%, well below the 15% threshold for shareholder concern. Clawback, malus, post-cessation holding, and ESG metrics are present. Key data such as ceo_max_bonus_pct_of_salary, ceo_salary_increase_pct, and total_dilution_pct are missing, but the available facts do not evidence a clear policy breach.",Missing data: ceo_max_bonus_pct_of_salary; Missing data: ceo_salary_increase_pct; Missing data: total_dilution_pct
Harris Associates LP,AGAINST,0.4,"The CEO's maximum LTIP opportunity is extremely high at ceo_ltip_max_pct_of_salary=1111%, which constitutes an excessive award under Harris Associates' policy opposing excessive equity-based compensation. Additionally, the pay-for-performance override applies: financial_performance.eps_change_pct=-99.99% (a severe decline) combined with the high LTIP opportunity triggers an AGAINST vote per the override rules. Several key data points are missing (total_dilution_pct, ceo_max_bonus_pct_of_salary, ceo_target_bonus_pct_of_salary), further reducing confidence.",Excessive LTIP opportunity: ceo_ltip_max_pct_of_salary=1111%; Pay-for-performance override triggered: eps_change_pct=-99.99% with high LTIP opportunity; Missing data: total_dilution_pct; Missing data: ceo_max_bonus_pct_of_salary; Missing data: ceo_target_bonus_pct_of_salary
HSBC Global Asset Management (UK) Ltd,AGAINST,0.4,"The CEO's maximum LTIP opportunity is extremely high (ceo_ltip_max_pct_of_salary=1111), and the company's financial performance has deteriorated sharply (financial_performance.eps_change_pct=-99.99). The pay-for-performance override is permitted by OVERRIDE_FLAGS, and there is no evidence of reduced awards or strong justification for this level of opportunity. Additionally, key data is missing for total_dilution_pct, ceo_max_bonus_pct_of_salary, and other salary/bonus fields, further reducing confidence.",Pay-for-performance override: ceo_ltip_max_pct_of_salary=1111 with eps_change_pct=-99.99; Missing data: total_dilution_pct; Missing data: ceo_max_bonus_pct_of_salary; Missing data: ceo_target_bonus_pct_of_salary; Missing data: ceo_salary_increase_pct; Missing data: workforce_salary_increase_pct
Healthcare of Ontario Pension Plan,AGAINST,0.35,"Applying the pay-for-performance override (allowed by OVERRIDE_FLAGS), the CEO's maximum LTIP opportunity is extremely high (ceo_ltip_max_pct_of_salary=1111), while financial_performance.eps_change_pct is -99.99%, indicating a severe decline. The policy requires pay to be aligned with performance and not excessive. Additionally, total_dilution_pct is missing (null), which is required to confirm compliance with the <10% dilution rule. These factors breach the investor's explicit pay-for-performance and dilution policy requirements.",Pay-for-performance misalignment: ceo_ltip_max_pct_of_salary=1111 with eps_change_pct=-99.99; Missing data: total_dilution_pct; Missing data: ceo_max_bonus_pct_of_salary; Missing data: ceo_target_bonus_pct_of_salary
Hermes EOS,AGAINST,0.4,"The CEO's maximum LTIP opportunity is extremely high at ceo_ltip_max_pct_of_salary=1111%, while financial_performance.eps_change_pct=-99.99 indicates a severe deterioration in performance. The pay_for_performance_override is allowed, and the policy expects boards to align pay with performance and avoid excessive pay. Additionally, the shareholding requirement for the CEO is only 3x salary (shareholding_requirement_ceo=3), below the policy's generally supported minimum of 5x. Key data on salary and bonus increases are missing.",Excessive CEO LTIP opportunity: ceo_ltip_max_pct_of_salary=1111%; Severe negative financial performance: eps_change_pct=-99.99; CEO shareholding requirement below policy minimum: shareholding_requirement_ceo=3; Missing data: ceo_salary_increase_pct; Missing data: workforce_salary_increase_pct; Missing data: ceo_target_bonus_pct_of_salary; Missing data: ceo_max_bonus_pct_of_salary
Impax Asset Management,AGAINST,0.4,"The CEO's maximum LTIP opportunity is extremely high (ceo_ltip_max_pct_of_salary=1111%), and the company's financial performance has deteriorated dramatically (financial_performance.eps_change_pct=-99.99). The pay-for-performance override is permitted by OVERRIDE_FLAGS, and there is no explicit evidence of reduced awards or strong justification for this level of pay in the context of such poor performance. Key data on total_dilution_pct, ceo_max_bonus_pct_of_salary, and bonus structure are missing, further reducing confidence.",Pay-for-performance misalignment: ceo_ltip_max_pct_of_salary=1111% with eps_change_pct=-99.99; Missing data: total_dilution_pct; Missing data: ceo_max_bonus_pct_of_salary; Missing data: ceo_target_bonus_pct_of_salary
Insight Investment Management,FOR,0.42,"The policy emphasizes transparency, sustainability, and long-term alignment, and prefers qualitative, discretionary cash incentives but does not set numeric limits on LTIP size or dilution. The ceo_ltip_max_pct_of_salary is high (1,111%), but there is no explicit policy limit breached. The LTIP dilution (ltip_dilution_pct=5) is moderate and within typical market practice, and ESG metrics, clawback, malus, and shareholding requirements are present. However, key data is missing for total_dilution_pct, ceo_salary_increase_pct, workforce_salary_increase_pct, ceo_target_bonus_pct_of_salary, and ceo_max_bonus_pct_of_salary, which reduces confidence.",Missing data: total_dilution_pct; Missing data: ceo_salary_increase_pct; Missing data: workforce_salary_increase_pct; Missing data: ceo_target_bonus_pct_of_salary; Missing data: ceo_max_bonus_pct_of_salary
ISS,AGAINST,0.4,"The CEO's maximum LTIP opportunity is extremely high (ceo_ltip_max_pct_of_salary=1111%), which is not justified by performance alignment given the financial_performance.eps_change_pct=-99.99%. While ltip_dilution_pct=5 is within policy limits and clawback/malus provisions are present, the lack of bonus and strong ESG metrics do not offset the excessive LTIP opportunity in the context of severe negative performance. Key data is missing for total_dilution_pct, ceo_max_bonus_pct_of_salary, and bonus structure, further reducing confidence.",Excessive CEO LTIP opportunity: ceo_ltip_max_pct_of_salary=1111%; Severe negative financial performance: financial_performance.eps_change_pct=-99.99%; Missing data: total_dilution_pct; Missing data: ceo_max_bonus_pct_of_salary; Missing data: ceo_target_bonus_pct_of_salary
Invesco Asset Management Ltd,AGAINST,0.4,"Applying the pay-for-performance override (allowed by OVERRIDE_FLAGS), the CEO's maximum LTIP opportunity is extremely high (ceo_ltip_max_pct_of_salary=1111), while financial_performance.eps_change_pct is -99.99%, indicating severe misalignment between pay and performance. Although clawback and malus provisions are present and LTIP dilution is moderate (5%), the explicit policy prohibits unmitigated pay-for-performance misalignment. Key data on total_dilution_pct, bonus opportunity, and salary increases are missing, further reducing confidence.",Pay-for-performance misalignment: ceo_ltip_max_pct_of_salary=1111 with eps_change_pct=-99.99; Missing data: total_dilution_pct; Missing data: ceo_target_bonus_pct_of_salary; Missing data: ceo_max_bonus_pct_of_salary; Missing data: ceo_salary_increase_pct; Missing data: workforce_salary_increase_pct
Irish Life Investment Managers Ltd,FOR,0.43,"The company meets key ILIM policy expectations: ESG metrics are present in incentives (esg_metrics_incentives_present=true), clawback and malus provisions are in place (clawback_provision=true, malus_provision=true), and there is a robust shareholding requirement for the CEO (shareholding_requirement_ceo=3) with a post-cessation holding period (post_cessation_holding_years=2). While ceo_ltip_max_pct_of_salary is high (1111%), ILIM's policy does not set a cap or explicitly link quantum to performance outcomes, and the pay-for-performance override is not permitted. However, several key data points are missing, including bonus opportunity and salary increases.",Missing data: ceo_target_bonus_pct_of_salary; Missing data: ceo_max_bonus_pct_of_salary; Missing data: ceo_salary_increase_pct; Missing data: workforce_salary_increase_pct; Missing data: total_dilution_pct; Missing data: stip_dilution_pct; Missing data: dilution_policy_limit_pct
JPMorgan Asset Management (UK) Ltd,AGAINST,0.4,"The CEO's maximum LTIP opportunity is extremely high at ceo_ltip_max_pct_of_salary=1111%, while financial_performance.eps_change_pct=-99.99% indicates a severe deterioration in performance. The JPMorgan policy requires pay to be aligned with performance and opposes excessive awards; the pay-for-performance override is triggered under OVERRIDE_FLAGS. Key data on ceo_max_bonus_pct_of_salary, ceo_target_bonus_pct_of_salary, and salary increases are missing, further reducing confidence.",Pay-for-performance override: ceo_ltip_max_pct_of_salary=1111% with eps_change_pct=-99.99%; Missing data: ceo_max_bonus_pct_of_salary; Missing data: ceo_target_bonus_pct_of_salary; Missing data: ceo_salary_increase_pct; Missing data: workforce_salary_increase_pct; Missing data: total_dilution_pct; Missing data: stip_dilution_pct; Missing data: dilution_policy_limit_pct
Jennison Associates LLC,FOR,0.4,"Jennison Associates' policy does not specify numeric limits or explicit rules regarding salary, bonus, LTIP opportunity, or pay-for-performance alignment. The facts show ceo_ltip_max_pct_of_salary=1111, but there is no policy threshold breached. ESG metrics are present (esg_metrics_incentives_present=true), and clawback/malus provisions are in place. However, several key data points are missing (e.g., ceo_max_bonus_pct_of_salary, ceo_salary_increase_pct, total_dilution_pct), but the policy does not require these for a negative vote.",Missing data: ceo_max_bonus_pct_of_salary; Missing data: ceo_salary_increase_pct; Missing data: workforce_salary_increase_pct; Missing data: total_dilution_pct; Missing data: stip_dilution_pct; Missing data: dilution_policy_limit_pct
Janus Henderson Investors,AGAINST,0.4,"Applying the pay-for-performance override (allowed by OVERRIDE_FLAGS), the ceo_ltip_max_pct_of_salary is extremely high at 1,111%, while financial_performance.eps_change_pct is -99.99%, indicating a severe misalignment between pay opportunity and shareholder outcomes. The Janus Henderson policy requires alignment of performance and pay, and this is not evidenced here. Key data on total_dilution_pct and bonus opportunity are also missing.",Pay-for-performance misalignment: ceo_ltip_max_pct_of_salary=1111 with eps_change_pct=-99.99; Missing data: total_dilution_pct; Missing data: ceo_target_bonus_pct_of_salary; Missing data: ceo_max_bonus_pct_of_salary
Jupiter Asset Management Ltd,AGAINST,0.4,"The pay-for-performance override applies: financial_performance.eps_change_pct is -99.99%, indicating a severe decline, while ceo_ltip_max_pct_of_salary is 1,111%, far exceeding typical thresholds. Jupiter's policy expects pay outcomes to reflect shareholder experience, and there is no evidence of reduced awards or strong justification for this misalignment. Additionally, key data is missing (ceo_max_bonus_pct_of_salary, total_dilution_pct), further reducing confidence.","Pay-for-performance misalignment: ceo_ltip_max_pct_of_salary=1,111% with eps_change_pct=-99.99%; Missing data: ceo_max_bonus_pct_of_salary; Missing data: total_dilution_pct; Missing data: stip_dilution_pct; Missing data: dilution_policy_limit_pct; Missing data: ceo_salary_increase_pct; Missing data: workforce_salary_increase_pct"
LGPS Central,AGAINST,0.4,"The CEO's maximum LTIP opportunity is extremely high (ceo_ltip_max_pct_of_salary=1111%), which appears excessive and is not justified by performance, as financial_performance.eps_change_pct is -99.99%. The LGPS Central policy requires pay to be aligned with performance and not excessive. Additionally, key data is missing for total_dilution_pct, ceo_salary_increase_pct, workforce_salary_increase_pct, ceo_target_bonus_pct_of_salary, and ceo_max_bonus_pct_of_salary, reducing confidence in compliance with other policy requirements.",Excessive CEO LTIP opportunity: ceo_ltip_max_pct_of_salary=1111%; Significant financial underperformance: financial_performance.eps_change_pct=-99.99%; Missing data: total_dilution_pct; Missing data: ceo_salary_increase_pct; Missing data: workforce_salary_increase_pct; Missing data: ceo_target_bonus_pct_of_salary; Missing data: ceo_max_bonus_pct_of_salary
La Francaise Asset Management,AGAINST,0.4,"Applying the pay-for-performance override (allowed by OVERRIDE_FLAGS), the CEO's maximum LTIP opportunity is extremely high (ceo_ltip_max_pct_of_salary=1111), while financial_performance.eps_change_pct is -99.99%, indicating a severe decline. The policy requires remuneration to be aligned with performance and not to reward failure. Key data is missing for total_dilution_pct, ceo_max_bonus_pct_of_salary, and bonus opportunity, further reducing confidence.",Pay-for-performance override: ceo_ltip_max_pct_of_salary=1111 with eps_change_pct=-99.99; Missing data: total_dilution_pct; Missing data: ceo_max_bonus_pct_of_salary; Missing data: ceo_target_bonus_pct_of_salary
La Banque Postale,AGAINST,0.4,"The CEO's maximum LTIP opportunity is extremely high at ceo_ltip_max_pct_of_salary=1111%, which is not explicitly capped by the policy but is inconsistent with the policy's emphasis on balance and avoidance of excessive concentration of LTIP grants. Additionally, financial_performance.eps_change_pct=-99.99 indicates a severe decline, raising concerns about pay-for-performance alignment. Key data required by the policy, such as total_dilution_pct, ceo_max_bonus_pct_of_salary, and salary increase data, are missing, further reducing confidence in compliance.",Excessive CEO LTIP opportunity: ceo_ltip_max_pct_of_salary=1111%; Missing data: total_dilution_pct; Missing data: ceo_max_bonus_pct_of_salary; Missing data: ceo_salary_increase_pct; Missing data: workforce_salary_increase_pct
Legal & General,FOR,0.42,"The LGIM policy does not specify explicit numeric limits for CEO LTIP opportunity or pay-for-performance alignment, and the policy emphasizes global best practice standards and ESG integration. The company demonstrates strong ESG integration in incentives (esg_metrics_incentives_present=true, performance_metrics includes ESG KPIs), robust malus and clawback provisions (clawback_provision=true, malus_provision=true), and a meaningful shareholding requirement (shareholding_requirement_ceo=3x salary, post_cessation_holding_years=2). While ceo_ltip_max_pct_of_salary is high (1,111%), there is no explicit LGIM policy threshold breached, and the pay-for-performance override is not permitted (OVERRIDE_FLAGS.pay_for_performance_override_allowed=false).",Missing data: total_dilution_pct; Missing data: stip_dilution_pct; Missing data: dilution_policy_limit_pct; Missing data: ceo_salary_increase_pct; Missing data: workforce_salary_increase_pct; Missing data: ceo_target_bonus_pct_of_salary; Missing data: ceo_max_bonus_pct_of_salary
Lazard Asset Management LLC,FOR,0.43,"Lazard's policy emphasizes alignment, transparency, and long-term shareholder interests. The LTIP includes robust performance metrics (performance_metrics present), ESG incentives (esg_metrics_incentives_present=true), malus and clawback provisions (clawback_provision=true, malus_provision=true), and a strong shareholding requirement (shareholding_requirement_ceo=3x salary). While ceo_ltip_max_pct_of_salary is high (1,111%), the policy does not set a cap or require pay-for-performance override, and the plan is performance-based. However, several key data points are missing.",Missing data: ceo_target_bonus_pct_of_salary; Missing data: ceo_max_bonus_pct_of_salary; Missing data: ceo_salary_increase_pct; Missing data: workforce_salary_increase_pct; Missing data: total_dilution_pct; Missing data: stip_dilution_pct; Missing data: dilution_policy_limit_pct
Liontrust Sustainable Investments,AGAINST,0.4,"The CEO's maximum LTIP opportunity is extremely high (ceo_ltip_max_pct_of_salary=1111%), which is not justified by performance alignment given the financial_performance.eps_change_pct=-99.99%. While clawback, malus, post-cessation holding, and ESG metrics are present, the lack of annual bonus does not offset the excessive LTIP opportunity. Key data on total_dilution_pct, ceo_max_bonus_pct_of_salary, and other salary/bonus details are missing, further undermining confidence in alignment with Liontrust's principles.",Excessive LTIP opportunity: ceo_ltip_max_pct_of_salary=1111%; Missing data: total_dilution_pct; Missing data: ceo_max_bonus_pct_of_salary; Missing data: ceo_target_bonus_pct_of_salary; Missing data: ceo_salary_increase_pct; Missing data: workforce_salary_increase_pct
"Loomis, Sayles & Co",AGAINST,0.4,"The policy requires voting against LTIP plans where dilution exceeds company-specific caps considered by the Proxy Voting Service, but total_dilution_pct and dilution_policy_limit_pct are both missing (null), making it impossible to confirm compliance. Critically, the pay_for_performance_override applies: ceo_ltip_max_pct_of_salary=1111 (well above threshold) and financial_performance.eps_change_pct=-99.99 (severe deterioration), with no evidence of reduced awards or strong justification. Therefore, the pay-for-performance override mandates an AGAINST vote.",Missing data: total_dilution_pct; Missing data: dilution_policy_limit_pct; Pay-for-performance override: ceo_ltip_max_pct_of_salary=1111 with eps_change_pct=-99.99
M&G Investment Management Ltd,AGAINST,0.4,"The CEO's maximum LTIP opportunity is extremely high (ceo_ltip_max_pct_of_salary=1111), and the company's financial performance has deteriorated sharply (financial_performance.eps_change_pct=-99.99). The investor policy supports pay-for-performance alignment and, with OVERRIDE_FLAGS.pay_for_performance_override_allowed=true, the strict override applies. While ESG metrics are present (esg_metrics_incentives_present=true), the magnitude of pay opportunity is not justified by performance. Several key data points are missing, further reducing confidence.",Pay-for-performance override: ceo_ltip_max_pct_of_salary=1111 with eps_change_pct=-99.99; Missing data: ceo_max_bonus_pct_of_salary; Missing data: ceo_target_bonus_pct_of_salary; Missing data: ceo_salary_increase_pct; Missing data: workforce_salary_increase_pct; Missing data: total_dilution_pct; Missing data: stip_dilution_pct; Missing data: dilution_policy_limit_pct
Lombard Odier Investment Managers,AGAINST,0.4,"The pay-for-performance override applies: financial_performance.eps_change_pct is -99.99%, indicating a severe decline, while ceo_ltip_max_pct_of_salary is 1,111%, far exceeding any reasonable cap. The policy requires strong pay-performance alignment and restraint on variable pay, which is not evidenced here. Key data on ceo_max_bonus_pct_of_salary, ceo_salary_increase_pct, and workforce_salary_increase_pct are missing, further reducing confidence.",Pay-for-performance misalignment: ceo_ltip_max_pct_of_salary=1111 with eps_change_pct=-99.99; Missing data: ceo_max_bonus_pct_of_salary; Missing data: ceo_salary_increase_pct; Missing data: workforce_salary_increase_pct
Manulife Investment Management (US) LLC,FOR,0.42,"Manulife IM's policy does not set explicit thresholds or requirements for remuneration structure, quantum, or pay-for-performance alignment, and instead emphasizes supporting management recommendations unless there is a clear conflict with clients' best interests. While ceo_ltip_max_pct_of_salary is high at 1,111%, there is no policy rule or behavioural evidence indicating this alone would trigger an AGAINST. Key fields such as ceo_max_bonus_pct_of_salary, ceo_target_bonus_pct_of_salary, and total_dilution_pct are missing, but the policy does not require AGAINST votes for missing data. Therefore, a FOR vote is consistent with the policy's principles.",Missing data: ceo_max_bonus_pct_of_salary; Missing data: ceo_target_bonus_pct_of_salary; Missing data: total_dilution_pct; Missing data: stip_dilution_pct; Missing data: dilution_policy_limit_pct; Missing data: ceo_salary_increase_pct; Missing data: workforce_salary_increase_pct
Mackenzie Financial Corp,FOR,0.43,"The Mackenzie Financial Corp policy delegates voting discretion to sub-advisors, guided by their own policies and Glass Lewis frameworks, with a focus on ESG considerations. The facts show strong ESG integration (esg_metrics_incentives_present=true, performance_metrics include ESG KPIs), robust clawback/malus provisions, and a minimum shareholding requirement. While ceo_ltip_max_pct_of_salary is high (1111%), there is no explicit policy limit or pay-for-performance override permitted. Several key data points are missing (e.g., ceo_max_bonus_pct_of_salary, total_dilution_pct), but the policy does not require AGAINST in such cases.",Missing data: ceo_max_bonus_pct_of_salary; Missing data: ceo_target_bonus_pct_of_salary; Missing data: total_dilution_pct; Missing data: stip_dilution_pct; Missing data: dilution_policy_limit_pct; Missing data: ceo_salary_increase_pct; Missing data: workforce_salary_increase_pct
MEAG MUNICH ERGO Kapitalanlagegesellschaft mbH,AGAINST,0.4,"The CEO's maximum LTIP opportunity is extremely high at ceo_ltip_max_pct_of_salary=1111%, which is disproportionate and not aligned with MEAG's policy against non-performance-related or disproportionate remuneration. Additionally, financial_performance.eps_change_pct=-99.99% indicates a severe decline, yet no evidence of reduced awards or justification is provided. Key data is missing for ceo_max_bonus_pct_of_salary, ceo_target_bonus_pct_of_salary, total_dilution_pct, and other salary/bonus fields, further reducing transparency as required by policy.",Disproportionate LTIP opportunity: ceo_ltip_max_pct_of_salary=1111%; Missing data: ceo_max_bonus_pct_of_salary; Missing data: ceo_target_bonus_pct_of_salary; Missing data: total_dilution_pct; Missing data: ceo_salary_increase_pct; Missing data: workforce_salary_increase_pct
Marathon Asset Management,AGAINST,0.4,"Marathon's policy is critical of stock-based compensation and prefers schemes that encourage CEOs to invest their own money to promote true ownership. The ceo_ltip_max_pct_of_salary is extremely high at 1,111%, and there is no evidence of a share matching scheme or CEO co-investment beyond a 3x salary shareholding requirement. Additionally, financial_performance.eps_change_pct is -99.99%, indicating a severe decline, which raises concerns about alignment with long-term shareholder interests. Key data on bonuses and salary increases are missing.","Excessive ceo_ltip_max_pct_of_salary: 1,111%; Missing data: ceo_target_bonus_pct_of_salary; Missing data: ceo_max_bonus_pct_of_salary; Missing data: ceo_salary_increase_pct; Missing data: workforce_salary_increase_pct; Missing data: total_dilution_pct; Missing data: stip_dilution_pct; Missing data: dilution_policy_limit_pct"
Martin Currie Investment Management Limited,FOR,0.43,"The policy emphasizes alignment with long-term value creation, shareholder interests, and performance linkage. The facts show a robust shareholding requirement for the CEO (shareholding_requirement_ceo=3x salary), a post-cessation holding period (post_cessation_holding_years=2), and the presence of malus and clawback provisions. The LTIP dilution (ltip_dilution_pct=5) is within the policy's 10% cap. While ceo_ltip_max_pct_of_salary is high (1,111%), the policy does not set a numeric cap, and the override for pay-for-performance is not permitted. However, several key data points are missing, including total_dilution_pct, ceo_max_bonus_pct_of_salary, and salary increase data.",Missing data: total_dilution_pct; Missing data: stip_dilution_pct; Missing data: dilution_policy_limit_pct; Missing data: ceo_salary_increase_pct; Missing data: workforce_salary_increase_pct; Missing data: ceo_target_bonus_pct_of_salary; Missing data: ceo_max_bonus_pct_of_salary
Mediolanum International Funds Ltd,AGAINST,0.4,"The policy requires meaningful alignment between pay and performance, with a strong emphasis on ESG integration. While esg_metrics_incentives_present=true and performance_metrics include climate and diversity KPIs, the ceo_ltip_max_pct_of_salary is extremely high at 1,111%. Critically, financial_performance.eps_change_pct is -99.99%, indicating a collapse in earnings, yet there is no evidence of reduced awards or justification for such a high LTIP opportunity. Although the pay-for-performance override is not formally allowed, the policy's explicit pay-performance alignment principle and the magnitude of the disconnect between pay opportunity and results warrant an AGAINST. Several key data points are missing, further reducing confidence.","ceo_ltip_max_pct_of_salary extremely high (1,111%) despite financial_performance.eps_change_pct=-99.99%; Missing data: ceo_target_bonus_pct_of_salary; Missing data: ceo_max_bonus_pct_of_salary; Missing data: ceo_salary_increase_pct; Missing data: workforce_salary_increase_pct; Missing data: total_dilution_pct; Missing data: stip_dilution_pct; Missing data: dilution_policy_limit_pct"
Massachusetts Financial Services,AGAINST,0.4,"The CEO's maximum LTIP opportunity is extremely high (ceo_ltip_max_pct_of_salary=1111), and financial_performance.eps_change_pct is -99.99%, indicating a severe decline. The MFS policy requires performance alignment and opposes unjustified awards; the pay-for-performance override is triggered per OVERRIDE_FLAGS, as both the LTIP opportunity is excessive and financial performance has deteriorated. Additionally, key data is missing (total_dilution_pct, ceo_max_bonus_pct_of_salary, ceo_target_bonus_pct_of_salary), further reducing confidence.",Pay-for-performance override: ceo_ltip_max_pct_of_salary=1111 with eps_change_pct=-99.99; Missing data: total_dilution_pct; Missing data: ceo_max_bonus_pct_of_salary; Missing data: ceo_target_bonus_pct_of_salary
Mellon Investments Corp.,FOR,0.42,"The LTIP has a dilution cap of 5% (ltip_dilution_pct=5), well within the policy's 10% limit. The plan includes robust performance metrics (performance_metrics present), a minimum three-year vesting period is implied, and both clawback and malus provisions are present (clawback_provision=true, malus_provision=true). There is a significant shareholding requirement (shareholding_requirement_ceo=3) and a two-year post-cessation holding period (post_cessation_holding_years=2). While ceo_ltip_max_pct_of_salary is high (1111%), the policy does not set a cap, and the pay-for-performance override is not allowed. However, several key data points are missing, including total_dilution_pct, ceo_max_bonus_pct_of_salary, and ceo_salary_increase_pct, which reduces confidence.",Missing data: total_dilution_pct; Missing data: ceo_max_bonus_pct_of_salary; Missing data: ceo_salary_increase_pct; Missing data: workforce_salary_increase_pct; Missing data: ceo_target_bonus_pct_of_salary; Missing data: dilution_policy_limit_pct
Mirabaud Asset Management,FOR,0.43,"The remuneration structure aligns with Mirabaud's policy: variable pay is primarily share-based (ceo_ltip_max_pct_of_salary=1111), with a three-year vesting and a two-year post-cessation holding period (post_cessation_holding_years=2, shareholding_requirement_ceo=3). Performance metrics are disclosed and include both financial and ESG criteria, supporting long-term, sustainable value creation. Although financial_performance.eps_change_pct is highly negative, the policy does not mandate a pay-for-performance override, and OVERRIDE_FLAGS.pay_for_performance_override_allowed is false. Key data on bonuses and salary increases are missing, but the structure and disclosures meet the explicit policy requirements.",Missing data: ceo_target_bonus_pct_of_salary; Missing data: ceo_max_bonus_pct_of_salary; Missing data: ceo_salary_increase_pct; Missing data: workforce_salary_increase_pct; Missing data: total_dilution_pct; Missing data: stip_dilution_pct; Missing data: dilution_policy_limit_pct
Mondrian Investment Partners Ltd,FOR,0.4,"Mondrian's policy does not set explicit numeric limits or pay-for-performance triggers, and instead emphasizes case-by-case analysis with ESG considerations. The company demonstrates strong ESG integration in incentives (esg_metrics_incentives_present=true, performance_metrics includes ESG KPIs), robust clawback/malus provisions (clawback_provision=true, malus_provision=true), and meaningful shareholding and post-cessation holding requirements (shareholding_requirement_ceo=3, post_cessation_holding_years=2). While ceo_ltip_max_pct_of_salary is high (1111%), Mondrian's policy does not prohibit this, and there is no explicit pay-for-performance override allowed. However, several key data points are missing.",Missing data: ceo_salary_increase_pct; Missing data: workforce_salary_increase_pct; Missing data: ceo_target_bonus_pct_of_salary; Missing data: ceo_max_bonus_pct_of_salary; Missing data: total_dilution_pct; Missing data: stip_dilution_pct; Missing data: dilution_policy_limit_pct
Montanaro Asset Management,AGAINST,0.4,"The ceo_ltip_max_pct_of_salary is extremely high at 1,111%, while financial_performance.eps_change_pct is -99.99%, indicating a severe disconnect between pay opportunity and performance, which breaches the policy's requirement for performance alignment. Although clawback_provision, malus_provision, and ESG metrics are present, the lack of bonus data (ceo_max_bonus_pct_of_salary, ceo_target_bonus_pct_of_salary) and salary increase data further undermines transparency. Key data gaps and the magnitude of the LTIP opportunity relative to performance drive an AGAINST vote.",ceo_ltip_max_pct_of_salary=1111% with financial_performance.eps_change_pct=-99.99%; Missing data: ceo_max_bonus_pct_of_salary; Missing data: ceo_target_bonus_pct_of_salary; Missing data: ceo_salary_increase_pct; Missing data: workforce_salary_increase_pct; Missing data: total_dilution_pct; Missing data: stip_dilution_pct; Missing data: dilution_policy_limit_pct
Morgan Stanley Investment Management,FOR,0.43,"The policy requires compensation to be reasonable, performance-aligned, and transparent. The plan includes clawback and malus provisions (clawback_provision=true, malus_provision=true), a robust shareholding requirement (shareholding_requirement_ceo=3), and a post-cessation holding period (post_cessation_holding_years=2). The LTIP is capped at 5% dilution (ltip_dilution_pct=5), which is not excessive. Although ceo_ltip_max_pct_of_salary is high (1111%), the policy does not set a numeric cap, and the pay-for-performance override is not allowed. However, several key data points are missing, including total_dilution_pct, ceo_salary_increase_pct, workforce_salary_increase_pct, ceo_target_bonus_pct_of_salary, and ceo_max_bonus_pct_of_salary, which reduces confidence.",Missing data: total_dilution_pct; Missing data: stip_dilution_pct; Missing data: dilution_policy_limit_pct; Missing data: ceo_salary_increase_pct; Missing data: workforce_salary_increase_pct; Missing data: ceo_target_bonus_pct_of_salary; Missing data: ceo_max_bonus_pct_of_salary
NNIP Advisors BV,FOR,0.42,"The NNIP Advisors BV policy emphasizes long-term alignment, responsible governance, and ESG integration. The company demonstrates strong alignment through a 3x salary shareholding requirement (shareholding_requirement_ceo=3), a 2-year post-cessation holding period (post_cessation_holding_years=2), malus and clawback provisions (clawback_provision=true, malus_provision=true), and explicit ESG metrics in incentives (esg_metrics_incentives_present=true). While ceo_ltip_max_pct_of_salary is high (1111), the policy does not set a cap or link quantum to performance outcomes, and the pay-for-performance override is not permitted. However, several key data points are missing.",Missing data: ceo_target_bonus_pct_of_salary; Missing data: ceo_max_bonus_pct_of_salary; Missing data: ceo_salary_increase_pct; Missing data: workforce_salary_increase_pct; Missing data: total_dilution_pct; Missing data: stip_dilution_pct; Missing data: dilution_policy_limit_pct
Norges Bank Investment Management,AGAINST,0.4,"The CEO's maximum LTIP opportunity is extremely high (ceo_ltip_max_pct_of_salary=1111), and the company experienced a dramatic decline in financial performance (financial_performance.eps_change_pct=-99.99). The NBIM policy requires alignment between pay and long-term value creation, and the pay-for-performance override is permitted by OVERRIDE_FLAGS. Key data on bonus opportunity and salary increases are missing, further reducing confidence.",Pay-for-performance misalignment: ceo_ltip_max_pct_of_salary=1111 with financial_performance.eps_change_pct=-99.99; Missing data: ceo_max_bonus_pct_of_salary; Missing data: ceo_target_bonus_pct_of_salary; Missing data: ceo_salary_increase_pct; Missing data: workforce_salary_increase_pct; Missing data: total_dilution_pct; Missing data: stip_dilution_pct; Missing data: dilution_policy_limit_pct
Neuberger Berman,FOR,0.4,"The Neuberger Berman policy contains no explicit rules or thresholds regarding remuneration, dilution, pay-for-performance, or incentive structure. While ceo_ltip_max_pct_of_salary is high at 1,111%, there is no policy provision to oppose this. Key features such as clawback_provision, malus_provision, post_cessation_holding_years=2, shareholding_requirement_ceo=3, and esg_metrics_incentives_present=true are present. However, several important data points are missing (e.g., ceo_max_bonus_pct_of_salary, ceo_salary_increase_pct, total_dilution_pct), but the policy does not require their disclosure.",Missing data: ceo_max_bonus_pct_of_salary; Missing data: ceo_salary_increase_pct; Missing data: workforce_salary_increase_pct; Missing data: total_dilution_pct; Missing data: stip_dilution_pct; Missing data: dilution_policy_limit_pct
Natixis (Thematics Asset Management),AGAINST,0.4,"The Natixis policy requires remuneration to be aligned with financial performance and long-term value creation, using transparent and measurable criteria. The facts show ceo_ltip_max_pct_of_salary=1111, while financial_performance.eps_change_pct=-99.99, indicating a severe pay-for-performance misalignment. The pay_for_performance_override is allowed, and there is no evidence of reduced awards or strong justification for such a high LTIP opportunity in the context of this financial deterioration. Key data on ceo_max_bonus_pct_of_salary and bonus outcomes are missing, further reducing confidence.",Pay-for-performance misalignment: ceo_ltip_max_pct_of_salary=1111 with eps_change_pct=-99.99; Missing data: ceo_max_bonus_pct_of_salary; Missing data: ceo_target_bonus_pct_of_salary; Missing data: total_dilution_pct; Missing data: stip_dilution_pct; Missing data: dilution_policy_limit_pct; Missing data: ceo_salary_increase_pct; Missing data: workforce_salary_increase_pct
"Nikko Asset Management Co., Ltd",AGAINST,0.4,"The policy requires executive pay to be aligned with company performance and shareholder value. The ceo_ltip_max_pct_of_salary is extremely high at 1,111%, while financial_performance.eps_change_pct is -99.99%, indicating a severe decline in earnings per share. Although the policy does not set explicit numeric caps, the combination of very high LTIP opportunity and extremely poor performance breaches the principle of performance alignment. Key data such as ceo_max_bonus_pct_of_salary, ceo_target_bonus_pct_of_salary, and total_dilution_pct are missing, further reducing confidence.",ceo_ltip_max_pct_of_salary=1111% with financial_performance.eps_change_pct=-99.99%; Missing data: ceo_max_bonus_pct_of_salary; Missing data: ceo_target_bonus_pct_of_salary; Missing data: total_dilution_pct; Missing data: dilution_policy_limit_pct
Northern Trust Global Investments Ltd,FOR,0.42,"The investor policy is highly discretionary and does not set explicit numeric limits on LTIP opportunity or require pay-for-performance alignment, and the pay_for_performance_override is not allowed. The company demonstrates strong governance features: ceo_ltip_max_pct_of_salary=1111, but with malus, clawback, post_cessation_holding_years=2, shareholding_requirement_ceo=3x, and explicit ESG metrics in incentives. While financial_performance.eps_change_pct is highly negative (-99.99), the policy does not mandate an AGAINST in this scenario, and the absence of a short-term bonus is noted as a positive. However, several key remuneration data fields are missing.",Missing data: ceo_target_bonus_pct_of_salary; Missing data: ceo_max_bonus_pct_of_salary; Missing data: ceo_salary_increase_pct; Missing data: workforce_salary_increase_pct; Missing data: total_dilution_pct; Missing data: stip_dilution_pct; Missing data: dilution_policy_limit_pct
Newton Investment Management,AGAINST,0.4,"The CEO's maximum LTIP opportunity is extremely high at ceo_ltip_max_pct_of_salary=1111%, which is not justified by performance alignment given the financial_performance.eps_change_pct=-99.99%. The policy expects pay not to reward negative shareholder returns or below prior-year targets without justification, and there is no evidence of reduced awards or strong rationale. Additionally, key data is missing: total_dilution_pct, stip_dilution_pct, dilution_policy_limit_pct, ceo_salary_increase_pct, workforce_salary_increase_pct, ceo_target_bonus_pct_of_salary, and ceo_max_bonus_pct_of_salary, reducing confidence in compliance with other policy requirements.",Excessive ceo_ltip_max_pct_of_salary (1111%) with negative financial performance; Missing data: total_dilution_pct; Missing data: stip_dilution_pct; Missing data: dilution_policy_limit_pct; Missing data: ceo_salary_increase_pct; Missing data: workforce_salary_increase_pct; Missing data: ceo_target_bonus_pct_of_salary; Missing data: ceo_max_bonus_pct_of_salary
OPERS,FOR,0.4,"OPERS policy requires executive pay to be transparently linked to performance with clear disclosure of key performance indicators. The facts show detailed performance metrics (performance_metrics present), including financial and ESG KPIs, and explicit disclosure of LTIP structure (ceo_ltip_max_pct_of_salary=1111). Although financial_performance.eps_change_pct is highly negative (-99.99), the policy does not set a strict pay-for-performance override, and the company provides clear performance linkage and disclosure. However, several key data points are missing.",Missing data: ceo_target_bonus_pct_of_salary; Missing data: ceo_max_bonus_pct_of_salary; Missing data: ceo_salary_increase_pct; Missing data: workforce_salary_increase_pct; Missing data: total_dilution_pct; Missing data: stip_dilution_pct; Missing data: dilution_policy_limit_pct
Ontario Municipal Employees Retirement System,AGAINST,0.4,"The CEO's maximum LTIP opportunity is extremely high (ceo_ltip_max_pct_of_salary=1111), which is not aligned with the policy's emphasis on reasonable, performance-based pay and long-term alignment. Additionally, financial_performance.eps_change_pct is -99.99%, indicating a severe decline in performance, which further undermines pay-for-performance alignment. Key data required by policy, such as total_dilution_pct, ceo_max_bonus_pct_of_salary, and bonus opportunity, are missing, reducing confidence.",Excessive ceo_ltip_max_pct_of_salary: 1111; Severe negative financial_performance.eps_change_pct: -99.99; Missing data: total_dilution_pct; Missing data: ceo_max_bonus_pct_of_salary; Missing data: ceo_target_bonus_pct_of_salary
Ossiam SA,FOR,0.43,"The remuneration structure aligns with Ossiam's policy: ESG metrics are present in incentives (esg_metrics_incentives_present=true), LTIP performance metrics are disclosed and include both financial and non-financial targets (performance_metrics), and clawback/malus provisions are confirmed (clawback_provision=true, malus_provision=true). There is no annual bonus for executive directors (ceo_target_bonus_pct_of_salary=null), but the LTIP is performance-based with a three-year measurement period. However, several key data points are missing, including total_dilution_pct, ceo_salary_increase_pct, and bonus opportunity data, which reduces confidence.",Missing data: total_dilution_pct; Missing data: ceo_salary_increase_pct; Missing data: workforce_salary_increase_pct; Missing data: ceo_target_bonus_pct_of_salary; Missing data: ceo_max_bonus_pct_of_salary
Ontario Teachers' Pension Plan Board,AGAINST,0.4,"Applying the pay-for-performance override (allowed by OVERRIDE_FLAGS), the company has ceo_ltip_max_pct_of_salary=1111 (well above the 500% threshold) and financial_performance.eps_change_pct=-99.99 (severe deterioration), with no evidence of reduced awards or strong justification. Additionally, total_dilution_pct is missing (null), which is a key policy concern. While the plan includes clawback, malus, ESG metrics, and post-cessation holding, the disconnect between pay opportunity and performance is decisive per policy.",Pay-for-performance override: ceo_ltip_max_pct_of_salary=1111 with eps_change_pct=-99.99; Missing data: total_dilution_pct; Missing data: ceo_max_bonus_pct_of_salary; Missing data: ceo_target_bonus_pct_of_salary; Missing data: ceo_salary_increase_pct; Missing data: workforce_salary_increase_pct
Ostrum Asset Management SA,AGAINST,0.4,"The CEO's maximum LTIP opportunity is extremely high at ceo_ltip_max_pct_of_salary=1111%, which is not justified by performance (financial_performance.eps_change_pct=-99.99) and is likely to breach the policy's requirement for proportionality and alignment with long-term performance. Additionally, critical data is missing for total_dilution_pct, ceo_target_bonus_pct_of_salary, ceo_max_bonus_pct_of_salary, and salary increase fields, preventing full assessment of dilution and pay fairness. While ESG metrics and holding requirements are present, the excessive LTIP opportunity and severe financial underperformance are not aligned with Ostrum's policy.",ceo_ltip_max_pct_of_salary excessively high (1111%); financial_performance.eps_change_pct extremely negative (-99.99%); Missing data: total_dilution_pct; Missing data: ceo_target_bonus_pct_of_salary; Missing data: ceo_max_bonus_pct_of_salary; Missing data: ceo_salary_increase_pct; Missing data: workforce_salary_increase_pct
Principal Global Investors LLC,FOR,0.4,"The investor policy contains no explicit rules on salary, bonus, LTIP size, or pay-for-performance, and the behavioural profile shows no history of AGAINST votes or sensitivity to excessive pay or disclosure. While ceo_ltip_max_pct_of_salary=1111 is high and financial_performance.eps_change_pct=-99.99 is very poor, the policy does not require a pay-for-performance alignment or cap. Key governance features such as clawback_provision=true, malus_provision=true, post_cessation_holding_years=2, and shareholding_requirement_ceo=3 are present. However, several key data fields are missing.",Missing data: total_dilution_pct; Missing data: stip_dilution_pct; Missing data: dilution_policy_limit_pct; Missing data: ceo_salary_increase_pct; Missing data: workforce_salary_increase_pct; Missing data: ceo_target_bonus_pct_of_salary; Missing data: ceo_max_bonus_pct_of_salary
PGGM,AGAINST,0.4,"The CEO's maximum LTIP opportunity is extremely high at ceo_ltip_max_pct_of_salary=1111%, while financial_performance.eps_change_pct=-99.99% indicates a severe decline in performance. As OVERRIDE_FLAGS.pay_for_performance_override_allowed is true, the pay-for-performance override applies, and there is no evidence of reduced awards or strong justification. Additionally, key data such as ceo_max_bonus_pct_of_salary, ceo_target_bonus_pct_of_salary, and total_dilution_pct are missing, further reducing confidence.",Pay-for-performance override: ceo_ltip_max_pct_of_salary=1111% with eps_change_pct=-99.99%; Missing data: ceo_max_bonus_pct_of_salary; Missing data: ceo_target_bonus_pct_of_salary; Missing data: total_dilution_pct; Missing data: dilution_policy_limit_pct
Pennsylvania State Employees' Retirement System,AGAINST,0.4,"The CEO's maximum LTIP opportunity is extremely high (ceo_ltip_max_pct_of_salary=1111%), and the company's financial performance has deteriorated sharply (financial_performance.eps_change_pct=-99.99). The SERS policy requires pay-for-performance alignment and opposes excessive awards, and the pay-for-performance override is permitted by OVERRIDE_FLAGS. Additionally, key data is missing (total_dilution_pct, ceo_max_bonus_pct_of_salary, ceo_target_bonus_pct_of_salary), further reducing confidence in alignment with policy.",Pay-for-performance misalignment: ceo_ltip_max_pct_of_salary=1111% with eps_change_pct=-99.99; Missing data: total_dilution_pct; Missing data: ceo_max_bonus_pct_of_salary; Missing data: ceo_target_bonus_pct_of_salary
Putnam Investments,AGAINST,0.4,"Putnam's policy requires a clear link between pay and performance and opposes excessive compensation. The ceo_ltip_max_pct_of_salary is extremely high at 1,111%, while financial_performance.eps_change_pct is -99.99%, indicating a severe disconnect between pay opportunity and company performance. Additionally, total_dilution_pct and several key bonus/salary fields are missing, further reducing transparency. These factors breach Putnam's explicit pay-for-performance and excessive pay principles.",Disconnect between pay and performance: ceo_ltip_max_pct_of_salary=1111 with eps_change_pct=-99.99; Missing data: total_dilution_pct; Missing data: ceo_target_bonus_pct_of_salary; Missing data: ceo_max_bonus_pct_of_salary; Missing data: ceo_salary_increase_pct; Missing data: workforce_salary_increase_pct
Rathbones Investment Management,AGAINST,0.4,"The CEO's maximum LTIP opportunity is extremely high at ceo_ltip_max_pct_of_salary=1111%, while financial_performance.eps_change_pct is -99.99%, indicating a severe deterioration in performance. Rathbones' policy requires pay to be aligned with performance and to reward outperformance attributable to management quality. The pay-for-performance override is triggered by the combination of poor financial performance and excessive LTIP opportunity. Key data on CEO bonus and salary increases are missing, further reducing confidence.",Pay-for-performance misalignment: ceo_ltip_max_pct_of_salary=1111% with eps_change_pct=-99.99%; Missing data: ceo_max_bonus_pct_of_salary; Missing data: ceo_target_bonus_pct_of_salary; Missing data: ceo_salary_increase_pct; Missing data: workforce_salary_increase_pct; Missing data: total_dilution_pct; Missing data: stip_dilution_pct; Missing data: dilution_policy_limit_pct
"RBC Indigo (fka HSBC Canada), Inc",AGAINST,0.4,"Applying the pay-for-performance override (per OVERRIDE_FLAGS), the CEO's maximum LTIP opportunity is extremely high (ceo_ltip_max_pct_of_salary=1111), while financial_performance.eps_change_pct is -99.99%, indicating a severe decline in performance. The policy requires pay to be commensurate with performance and opposes excessive, misaligned pay. Key data on total dilution and bonus opportunity are also missing, further reducing confidence.",Pay-for-performance misalignment: ceo_ltip_max_pct_of_salary=1111 with eps_change_pct=-99.99; Missing data: total_dilution_pct; Missing data: ceo_max_bonus_pct_of_salary; Missing data: ceo_target_bonus_pct_of_salary
River and Mercantile Asset Management,AGAINST,0.4,"The CEO's maximum LTIP opportunity is extremely high (ceo_ltip_max_pct_of_salary=1111%), and the company's financial performance has deteriorated sharply (financial_performance.eps_change_pct=-99.99%). The pay-for-performance override is permitted by OVERRIDE_FLAGS, and there is no evidence of reduced awards or strong justification for this level of opportunity. Additionally, key data is missing (total_dilution_pct, ceo_max_bonus_pct_of_salary, ceo_target_bonus_pct_of_salary), further reducing confidence in alignment with the investor's policy.",Pay-for-performance misalignment: ceo_ltip_max_pct_of_salary=1111% with eps_change_pct=-99.99%; Missing data: total_dilution_pct; Missing data: ceo_max_bonus_pct_of_salary; Missing data: ceo_target_bonus_pct_of_salary
Royal London Asset Management,AGAINST,0.4,"Applying the pay-for-performance override (per OVERRIDE_FLAGS), the company’s financial_performance.eps_change_pct is -99.99%, indicating a severe decline, while ceo_ltip_max_pct_of_salary is extremely high at 1,111%. The Royal London policy expects remuneration to be aligned with long-term value creation and company performance, and such a high LTIP opportunity in the context of a dramatic earnings decline is not justified by the facts provided. Key data on total_dilution_pct, ceo_max_bonus_pct_of_salary, and bonus outcomes are also missing, further reducing confidence.",Pay-for-performance override: ceo_ltip_max_pct_of_salary=1111 with financial_performance.eps_change_pct=-99.99; Missing data: total_dilution_pct; Missing data: ceo_max_bonus_pct_of_salary; Missing data: ceo_target_bonus_pct_of_salary
Robeco Institutional Asset Management BV,FOR,0.43,"The Robeco policy emphasizes alignment with long-term strategy, sustainable value creation, and social considerations, but does not set explicit caps or pay-for-performance triggers. The facts show strong alignment features: ceo_ltip_max_pct_of_salary=1111 (high, but not explicitly capped by policy), robust clawback and malus provisions (clawback_provision=true, malus_provision=true), a 3x salary shareholding requirement, a 2-year post-cessation holding period, and ESG metrics in incentives. While financial_performance.eps_change_pct=-99.99 is poor, the policy does not mandate a pay-for-performance override, and OVERRIDE_FLAGS.pay_for_performance_override_allowed=false. Key data on salary increases and bonus opportunity are missing, but the overall structure aligns with the policy's principles.",Missing data: ceo_salary_increase_pct; Missing data: workforce_salary_increase_pct; Missing data: ceo_target_bonus_pct_of_salary; Missing data: ceo_max_bonus_pct_of_salary; Missing data: total_dilution_pct; Missing data: stip_dilution_pct; Missing data: dilution_policy_limit_pct
Russell Investment Management LLC,AGAINST,0.4,"The ceo_ltip_max_pct_of_salary is extremely high at 1,111%, which is not reasonably capped and lacks explicit justification, breaching the policy's expectation for reasonable individual limits. Additionally, financial_performance.eps_change_pct is -99.99%, indicating a severe decline, which raises concerns about pay-for-performance alignment, even though the override is not strictly allowed. Key data is missing for ceo_salary_increase_pct, ceo_target_bonus_pct_of_salary, ceo_max_bonus_pct_of_salary, and total_dilution_pct, further reducing confidence in compliance with policy requirements.","Excessive ceo_ltip_max_pct_of_salary: 1,111%; Missing data: ceo_salary_increase_pct; Missing data: ceo_target_bonus_pct_of_salary; Missing data: ceo_max_bonus_pct_of_salary; Missing data: total_dilution_pct"
SEI Investments Management Corporation,FOR,0.4,"The SIMC policy does not specify any explicit rules or thresholds regarding CEO LTIP opportunity, dilution, pay-for-performance, or ESG linkage. The facts show ceo_ltip_max_pct_of_salary=1111, but there is no policy limit breached. Clawback and malus provisions, post-cessation holding, and ESG metrics are present. Several key data points are missing (e.g., ceo_max_bonus_pct_of_salary, salary increases, total_dilution_pct), but the policy does not require these for a FOR/AGAINST decision.",Missing data: ceo_max_bonus_pct_of_salary; Missing data: ceo_target_bonus_pct_of_salary; Missing data: ceo_salary_increase_pct; Missing data: workforce_salary_increase_pct; Missing data: total_dilution_pct; Missing data: stip_dilution_pct; Missing data: dilution_policy_limit_pct
Silchester International Investors LLP,AGAINST,0.4,"The policy requires executive remuneration to be modest and aligned with shareholders. The ceo_ltip_max_pct_of_salary is extremely high at 1,111%, which is not modest and raises concerns about alignment, especially given the financial_performance.eps_change_pct of -99.99%, indicating a severe decline in performance. Key data such as ceo_max_bonus_pct_of_salary, ceo_salary_increase_pct, and total_dilution_pct are missing, further reducing confidence in alignment and transparency.","Excessive ceo_ltip_max_pct_of_salary: 1,111%; Severe negative financial_performance.eps_change_pct: -99.99%; Missing data: ceo_max_bonus_pct_of_salary; Missing data: ceo_salary_increase_pct; Missing data: total_dilution_pct"
Schroder Investment Management Ltd,AGAINST,0.4,"The CEO's maximum LTIP opportunity is extremely high (ceo_ltip_max_pct_of_salary=1111%), which is not aligned with the policy's expectation that LTIP awards should be a percentage of salary and that quantum should be appropriate and justified. Additionally, financial_performance.eps_change_pct is -99.99%, indicating a severe decline in performance, while no evidence of reduced awards or justification is provided. Key data on ceo_max_bonus_pct_of_salary, ceo_target_bonus_pct_of_salary, ceo_salary_increase_pct, and workforce_salary_increase_pct are missing, further reducing confidence.",Excessive LTIP quantum: ceo_ltip_max_pct_of_salary=1111%; Severe negative financial performance: financial_performance.eps_change_pct=-99.99; Missing data: ceo_max_bonus_pct_of_salary; Missing data: ceo_target_bonus_pct_of_salary; Missing data: ceo_salary_increase_pct; Missing data: workforce_salary_increase_pct
Slater Investments,AGAINST,0.4,"The Slater Investments policy explicitly prohibits the use of nil-paid or nominal cost share options, but the facts JSON does not specify whether the LTIP awards (ceo_ltip_max_pct_of_salary=1111) are structured as nil-paid or nominal cost options, creating a disclosure gap. Additionally, there is a severe misalignment between pay and performance (financial_performance.eps_change_pct=-99.99), but the pay-for-performance override is not permitted. Key data on salary increases, bonus opportunity, and pension alignment are missing. Due to the lack of clarity on the LTIP structure and missing critical data, the policy's requirements for clear and concise disclosure are not met.",Missing data: ceo_target_bonus_pct_of_salary; Missing data: ceo_max_bonus_pct_of_salary; Missing data: ceo_salary_increase_pct; Missing data: workforce_salary_increase_pct; Missing data: total_dilution_pct; Missing data: stip_dilution_pct; Missing data: dilution_policy_limit_pct; Missing data: pension_alignment_with_workforce; LTIP structure not disclosed: possible breach of nil-paid/nominal cost option prohibition
Sarasin & Partners,AGAINST,0.7,"The pay-for-performance override applies: financial_performance.eps_change_pct is -99.99%, indicating severe underperformance, while ceo_ltip_max_pct_of_salary is extremely high at 1,111%. The Sarasin & Partners policy requires no rewards for median or worse performance and alignment with long-term value creation. Key data is missing (total_dilution_pct, ceo_max_bonus_pct_of_salary, ceo_target_bonus_pct_of_salary), but the available facts trigger a clear policy breach. Clawback, malus, ESG metrics, and shareholding requirements are present, but do not offset the pay-for-performance failure.",Pay-for-performance override: ceo_ltip_max_pct_of_salary=1111 with eps_change_pct=-99.99; Missing data: total_dilution_pct; Missing data: ceo_max_bonus_pct_of_salary; Missing data: ceo_target_bonus_pct_of_salary
State of Wisconsin Investment Board,AGAINST,0.4,"The CEO's maximum LTIP opportunity is extremely high (ceo_ltip_max_pct_of_salary=1111%), which raises concerns about pay structure integrity and alignment with long-term shareholder value per policy. Additionally, financial_performance.eps_change_pct is -99.99%, indicating a severe decline in performance, while key data such as ceo_max_bonus_pct_of_salary, ceo_target_bonus_pct_of_salary, and total_dilution_pct are missing. Although clawback, malus, ESG metrics, and holding requirements are present, the excessive LTIP opportunity combined with poor performance and missing disclosure on other pay elements breaches the policy's principles.",Excessive CEO LTIP opportunity: ceo_ltip_max_pct_of_salary=1111%; Severe negative performance: financial_performance.eps_change_pct=-99.99%; Missing data: ceo_max_bonus_pct_of_salary; Missing data: ceo_target_bonus_pct_of_salary; Missing data: total_dilution_pct; Missing data: stip_dilution_pct; Missing data: dilution_policy_limit_pct; Missing data: ceo_salary_increase_pct; Missing data: workforce_salary_increase_pct
Stewart Investors,AGAINST,0.4,"The policy requires remuneration to be reasonable, simple, and aligned with long-term performance. The ceo_ltip_max_pct_of_salary is extremely high at 1,111%, while financial_performance.eps_change_pct is -99.99%, indicating a severe disconnect between pay opportunity and performance. Although there are positive features (clawback, malus, ESG metrics, shareholding requirements), the scale of potential pay is likely to result in excessive awards and is not justified by performance. Key data on bonuses and salary increases are missing.","Excessive ceo_ltip_max_pct_of_salary: 1,111%; Severe negative financial_performance.eps_change_pct: -99.99%; Missing data: ceo_target_bonus_pct_of_salary; Missing data: ceo_max_bonus_pct_of_salary; Missing data: ceo_salary_increase_pct; Missing data: workforce_salary_increase_pct"
State Street Global Advisors Ltd,AGAINST,0.95,"The policy requires executive pay to be aligned with long-term performance and shareholder interests. The ceo_ltip_max_pct_of_salary is extremely high at 1,111%, and financial_performance.eps_change_pct is -99.99%, indicating a severe decline in earnings per share. As OVERRIDE_FLAGS.pay_for_performance_override_allowed is true, the pay-for-performance override applies, and there is no explicit evidence of reduced awards or strong justification for this misalignment.",Pay-for-performance misalignment: ceo_ltip_max_pct_of_salary=1111 with eps_change_pct=-99.99%
State Retirement & Pension System of Maryland,AGAINST,0.4,"The CEO's maximum LTIP opportunity is extremely high (ceo_ltip_max_pct_of_salary=1111), and the company's financial performance has deteriorated sharply (financial_performance.eps_change_pct=-99.99). The pay-for-performance override is allowed and triggered, as the LTIP opportunity far exceeds typical thresholds and there is no evidence of reduced awards or strong justification. Key data on CEO bonus and salary increases are missing, further reducing confidence.",Pay-for-performance override: ceo_ltip_max_pct_of_salary=1111 with eps_change_pct=-99.99; Missing data: ceo_max_bonus_pct_of_salary; Missing data: ceo_target_bonus_pct_of_salary; Missing data: ceo_salary_increase_pct; Missing data: workforce_salary_increase_pct; Missing data: total_dilution_pct; Missing data: stip_dilution_pct; Missing data: dilution_policy_limit_pct
Swedbank Robur Fonder AB,AGAINST,0.4,"The policy requires remuneration to be performance-based and justified, with clear disclosure and reasonable incentive levels. The ceo_ltip_max_pct_of_salary is extremely high at 1,111%, while financial_performance.eps_change_pct is -99.99%, indicating a severe disconnect between pay opportunity and performance. Additionally, key data is missing: total_dilution_pct, ceo_target_bonus_pct_of_salary, ceo_max_bonus_pct_of_salary, and salary increase data, which the policy requires for transparency. These breaches of performance alignment and disclosure requirements drive an AGAINST vote.","Excessive ceo_ltip_max_pct_of_salary: 1,111%; Financial performance collapse: eps_change_pct=-99.99%; Missing data: total_dilution_pct; Missing data: ceo_target_bonus_pct_of_salary; Missing data: ceo_max_bonus_pct_of_salary; Missing data: ceo_salary_increase_pct; Missing data: workforce_salary_increase_pct"
TT International,FOR,0.42,"The TT International policy does not set explicit numeric or structural requirements for remuneration, but expects ESG integration and consideration of sustainability risks. The facts show strong ESG metrics in incentives (esg_metrics_incentives_present=true, performance_metrics includes diversity and decarbonisation), robust malus and clawback provisions (clawback_provision=true, malus_provision=true), and a significant shareholding requirement (shareholding_requirement_ceo=3). While ceo_ltip_max_pct_of_salary is high (1111), the policy does not prohibit this, and the pay-for-performance override is not allowed. Key data such as ceo_max_bonus_pct_of_salary and total_dilution_pct are missing, but there is no explicit policy breach.",Missing data: ceo_max_bonus_pct_of_salary; Missing data: ceo_target_bonus_pct_of_salary; Missing data: total_dilution_pct; Missing data: stip_dilution_pct; Missing data: dilution_policy_limit_pct; Missing data: ceo_salary_increase_pct; Missing data: workforce_salary_increase_pct
Teacher Retirement System of Texas,FOR,0.43,"The TRS policy does not specify any explicit rules regarding salary caps, bonus limits, LTIP opportunity, or pay-for-performance alignment, and instead relies on Proxy Advisor recommendations unless the Board directs otherwise. While ceo_ltip_max_pct_of_salary is high at 1,111%, there is no policy threshold breached. Key remuneration features such as clawback_provision, malus_provision, post_cessation_holding_years, and shareholding_requirement_ceo are present. However, several fields are missing (e.g., ceo_max_bonus_pct_of_salary, ceo_salary_increase_pct, total_dilution_pct), but the policy does not require AGAINST votes for missing data.",Missing data: total_dilution_pct; Missing data: stip_dilution_pct; Missing data: dilution_policy_limit_pct; Missing data: ceo_salary_increase_pct; Missing data: workforce_salary_increase_pct; Missing data: ceo_target_bonus_pct_of_salary; Missing data: ceo_max_bonus_pct_of_salary
"T. Rowe Price Associates, Inc",AGAINST,0.4,"The CEO's maximum LTIP opportunity is extremely high (ceo_ltip_max_pct_of_salary=1111), and the company's financial performance has deteriorated sharply (financial_performance.eps_change_pct=-99.99). As OVERRIDE_FLAGS.pay_for_performance_override_allowed is true, this triggers a pay-for-performance override under the investor's policy, which emphasizes alignment between pay and performance. Additionally, key data is missing on total_dilution_pct, ceo_max_bonus_pct_of_salary, and bonus opportunity, further reducing confidence.",Pay-for-performance misalignment: ceo_ltip_max_pct_of_salary=1111 with eps_change_pct=-99.99; Missing data: total_dilution_pct; Missing data: ceo_max_bonus_pct_of_salary; Missing data: ceo_target_bonus_pct_of_salary
Teachers Retirement System of the State of Kentucky,FOR,0.42,"The TRS policy provides no explicit quantitative or qualitative restrictions on remuneration structure, quantum, or pay-for-performance alignment, and states a general preference to support management. While ceo_ltip_max_pct_of_salary is high (1,111%), the policy does not prohibit this, and the pay-for-performance override is not permitted (OVERRIDE_FLAGS.pay_for_performance_override_allowed=false). Key data such as ceo_max_bonus_pct_of_salary, ceo_target_bonus_pct_of_salary, and salary increases are missing, but the policy does not require these for a FOR vote.",Missing data: ceo_max_bonus_pct_of_salary; Missing data: ceo_target_bonus_pct_of_salary; Missing data: ceo_salary_increase_pct; Missing data: workforce_salary_increase_pct; Missing data: total_dilution_pct; Missing data: stip_dilution_pct; Missing data: dilution_policy_limit_pct
The California Public Employees Retirement System,FOR,0.42,"CalPERS policy focuses on long-term alignment, robust clawback/malus, and holding requirements. The company provides a 2-year post-cessation holding period (post_cessation_holding_years=2), a 3x salary shareholding requirement (shareholding_requirement_ceo=3), and confirmed clawback/malus provisions (clawback_provision=true, malus_provision=true). LTIP dilution is within a reasonable range (ltip_dilution_pct=5). While ceo_ltip_max_pct_of_salary is high (1111%), CalPERS policy does not set explicit numeric caps and the pay-for-performance override is not permitted. However, several key data points are missing, reducing confidence.",Missing data: ceo_target_bonus_pct_of_salary; Missing data: ceo_max_bonus_pct_of_salary; Missing data: ceo_salary_increase_pct; Missing data: workforce_salary_increase_pct; Missing data: total_dilution_pct; Missing data: stip_dilution_pct; Missing data: dilution_policy_limit_pct
The California Public Employees Retirement System,FOR,0.42,"The proposal includes strong structural features aligned with CalPERS policy: a comprehensive clawback (clawback_provision=true), malus (malus_provision=true), a 2-year post-cessation holding period (post_cessation_holding_years=2), and a 3x salary shareholding requirement (shareholding_requirement_ceo=3). The LTIP dilution is moderate (ltip_dilution_pct=5), and ESG metrics are present in incentives. While ceo_ltip_max_pct_of_salary is high (1111%), CalPERS policy does not set a strict cap and the pay-for-performance override is not permitted. However, several key data points are missing (e.g., total_dilution_pct, ceo_max_bonus_pct_of_salary), so confidence is reduced.",Missing data: total_dilution_pct; Missing data: stip_dilution_pct; Missing data: dilution_policy_limit_pct; Missing data: ceo_salary_increase_pct; Missing data: workforce_salary_increase_pct; Missing data: ceo_target_bonus_pct_of_salary; Missing data: ceo_max_bonus_pct_of_salary
The California Public Employees Retirement System,AGAINST,0.4,"The CEO's maximum LTIP opportunity is extremely high (ceo_ltip_max_pct_of_salary=1111), and the company's financial performance has deteriorated sharply (financial_performance.eps_change_pct=-99.99). The CalPERS policy requires long-term pay-for-performance alignment, and the pay-for-performance override is triggered by both the high LTIP opportunity and severe negative EPS change. Several key data points are missing (e.g., ceo_max_bonus_pct_of_salary, ceo_target_bonus_pct_of_salary, total_dilution_pct), further reducing confidence.",Pay-for-performance misalignment: ceo_ltip_max_pct_of_salary=1111 with financial_performance.eps_change_pct=-99.99; Missing data: ceo_max_bonus_pct_of_salary; Missing data: ceo_target_bonus_pct_of_salary; Missing data: total_dilution_pct; Missing data: stip_dilution_pct; Missing data: dilution_policy_limit_pct; Missing data: ceo_salary_increase_pct; Missing data: workforce_salary_increase_pct
The Public Sector Pension Investment Board,AGAINST,0.4,"The policy requires pay-for-performance alignment and states to vote against if pay is misaligned with performance or is disproportionate. The ceo_ltip_max_pct_of_salary is extremely high at 1,111%, while financial_performance.eps_change_pct is -99.99%, indicating a severe decline in performance. As OVERRIDE_FLAGS.pay_for_performance_override_allowed is true, the strict pay-for-performance override applies. Additionally, total_dilution_pct, ceo_max_bonus_pct_of_salary, and ceo_target_bonus_pct_of_salary are missing, further reducing confidence.",Pay-for-performance misalignment: ceo_ltip_max_pct_of_salary=1111 with eps_change_pct=-99.99; Missing data: total_dilution_pct; Missing data: ceo_max_bonus_pct_of_salary; Missing data: ceo_target_bonus_pct_of_salary
The Public Sector Pension Investment Board,AGAINST,0.4,"The CEO's maximum LTIP opportunity is extremely high (ceo_ltip_max_pct_of_salary=1111%), while financial_performance.eps_change_pct is -99.99%, indicating a severe disconnect between pay opportunity and performance, contrary to the policy's requirement for performance alignment. Key data on total_dilution_pct, ceo_max_bonus_pct_of_salary, and bonus/salary increases are missing, further undermining the ability to assess reasonableness and alignment. While clawback, malus, ESG metrics, and shareholding requirements are present, the excessive LTIP opportunity amid poor performance is a critical breach.",Excessive ceo_ltip_max_pct_of_salary (1111%) versus performance; Missing data: total_dilution_pct; Missing data: ceo_max_bonus_pct_of_salary; Missing data: ceo_target_bonus_pct_of_salary; Missing data: ceo_salary_increase_pct; Missing data: workforce_salary_increase_pct
"The Vanguard Group, Inc",AGAINST,0.4,"The CEO's maximum LTIP opportunity is extremely high (ceo_ltip_max_pct_of_salary=1111%), while financial_performance.eps_change_pct is -99.99%, indicating a severe disconnect between pay opportunity and company performance. Vanguard's policy requires clear alignment between pay and performance, with rigorous, well-disclosed metrics and outcomes. Key data is missing on ceo_max_bonus_pct_of_salary, ceo_target_bonus_pct_of_salary, ceo_salary_increase_pct, and total_dilution_pct, further undermining confidence in the pay-performance link and disclosure quality.",Severe misalignment: ceo_ltip_max_pct_of_salary=1111% with eps_change_pct=-99.99%; Missing data: ceo_max_bonus_pct_of_salary; Missing data: ceo_target_bonus_pct_of_salary; Missing data: ceo_salary_increase_pct; Missing data: total_dilution_pct
Triodos Investment Management,AGAINST,0.4,"The pay-for-performance override applies: financial_performance.eps_change_pct=-99.99 (a >10% decline) and ceo_ltip_max_pct_of_salary=1111 (well above the 500% threshold). Triodos policy requires alignment of pay with performance and disfavors excessive CEO remuneration. Although ESG metrics and clawback/malus provisions are present, the combination of extremely high LTIP opportunity and severe financial underperformance triggers an AGAINST under the override. Key data on CEO bonus and pay ratios are missing, further reducing confidence.",Pay-for-performance override: ceo_ltip_max_pct_of_salary=1111 with eps_change_pct=-99.99; Missing data: ceo_target_bonus_pct_of_salary; Missing data: ceo_max_bonus_pct_of_salary; Missing data: ceo_salary_increase_pct; Missing data: workforce_salary_increase_pct; Missing data: total_dilution_pct; Missing data: stip_dilution_pct; Missing data: dilution_policy_limit_pct
UniSuper Management Pty Ltd,AGAINST,0.4,"The investor policy does not provide explicit remuneration voting rules, but OVERRIDE_FLAGS.pay_for_performance_override_allowed is true. The facts show ceo_ltip_max_pct_of_salary=1111 (very high) and financial_performance.eps_change_pct=-99.99 (severe deterioration), triggering the pay-for-performance override. There is no evidence of reduced awards or strong justification for this level of LTIP opportunity in the context of poor performance. Key data such as ceo_max_bonus_pct_of_salary and total_dilution_pct are missing, further reducing confidence.",Pay-for-performance override: ceo_ltip_max_pct_of_salary=1111 with eps_change_pct=-99.99; Missing data: ceo_max_bonus_pct_of_salary; Missing data: total_dilution_pct; Missing data: ceo_salary_increase_pct; Missing data: workforce_salary_increase_pct
Unicorn Asset Management,FOR,0.42,"The Unicorn Asset Management policy emphasizes internal governance standards and ESG alignment. The facts show strong ESG integration in performance metrics (esg_metrics_incentives_present=true, performance_metrics includes climate and diversity), robust clawback/malus provisions (clawback_provision=true, malus_provision=true), and meaningful shareholding requirements (shareholding_requirement_ceo=3, post_cessation_holding_years=2). While ceo_ltip_max_pct_of_salary is high (1,111%), the policy does not set explicit limits or pay-for-performance triggers, and the override is not permitted. Several key data points are missing, but no explicit policy breach is evidenced.",Missing data: total_dilution_pct; Missing data: stip_dilution_pct; Missing data: dilution_policy_limit_pct; Missing data: ceo_salary_increase_pct; Missing data: workforce_salary_increase_pct; Missing data: ceo_target_bonus_pct_of_salary; Missing data: ceo_max_bonus_pct_of_salary
UBS Asset Management Switzerland AG,AGAINST,0.4,"The CEO's maximum LTIP opportunity is extremely high (ceo_ltip_max_pct_of_salary=1111%), which is not justified by the available performance or disclosure, and the financial_performance.eps_change_pct is -99.99%, indicating a severe decline. The investor policy emphasizes pay-for-performance alignment and opposition to excessive pay without rationale. Additionally, key data is missing: ceo_salary_increase_pct, workforce_salary_increase_pct, ceo_target_bonus_pct_of_salary, ceo_max_bonus_pct_of_salary, and total_dilution_pct, further reducing confidence in alignment with policy.",Excessive LTIP opportunity: ceo_ltip_max_pct_of_salary=1111%; Severe negative financial performance: financial_performance.eps_change_pct=-99.99%; Missing data: ceo_salary_increase_pct; Missing data: workforce_salary_increase_pct; Missing data: ceo_target_bonus_pct_of_salary; Missing data: ceo_max_bonus_pct_of_salary; Missing data: total_dilution_pct
USS Investment Management Ltd,AGAINST,0.7,"Applying the pay-for-performance override (per OVERRIDE_FLAGS), the company’s financial_performance.eps_change_pct is -99.99%, indicating severe underperformance, while ceo_ltip_max_pct_of_salary is extremely high at 1,111%. USS policy requires pay to be aligned with long-term performance, and such a high LTIP opportunity in the context of drastic EPS decline is not justified by the facts provided. Key data on bonus and salary increases are missing, but the override alone compels an AGAINST vote.",Pay-for-performance override: ceo_ltip_max_pct_of_salary=1111 with financial_performance.eps_change_pct=-99.99; Missing data: ceo_target_bonus_pct_of_salary; Missing data: ceo_max_bonus_pct_of_salary; Missing data: ceo_salary_increase_pct; Missing data: workforce_salary_increase_pct
Universal-Investment-Gesellschaft mbH (Invt Mgmt),AGAINST,0.4,"The investor policy requires remuneration to be performance-based and proportionate, with a focus on long-term success and ESG alignment. The facts show ceo_ltip_max_pct_of_salary=1111, which is extremely high, while financial_performance.eps_change_pct=-99.99 indicates a collapse in earnings. Although ESG metrics are present and clawback/malus provisions exist, the scale of LTIP opportunity is not proportionate to performance. Key data on ceo_max_bonus_pct_of_salary, ceo_target_bonus_pct_of_salary, and salary increases are missing, further reducing transparency.",Remuneration not proportionate to performance: ceo_ltip_max_pct_of_salary=1111 with eps_change_pct=-99.99; Missing data: ceo_max_bonus_pct_of_salary; Missing data: ceo_target_bonus_pct_of_salary; Missing data: ceo_salary_increase_pct; Missing data: workforce_salary_increase_pct; Missing data: total_dilution_pct; Missing data: stip_dilution_pct; Missing data: dilution_policy_limit_pct
Union Investment,AGAINST,0.4,"The CEO's maximum LTIP opportunity is extremely high (ceo_ltip_max_pct_of_salary=1111%), which is not reasonably capped and likely breaches the policy's requirement for upper limits on variable remuneration. Additionally, financial_performance.eps_change_pct is -99.99%, indicating a severe decline, which, combined with the high LTIP opportunity, raises significant pay-for-performance concerns under the policy. Key data is missing for ceo_max_bonus_pct_of_salary, ceo_target_bonus_pct_of_salary, ceo_salary_increase_pct, workforce_salary_increase_pct, and total_dilution_pct, further reducing confidence.",CEO LTIP maximum opportunity (1111%) is not reasonably capped; Severe negative EPS change (-99.99%) raises pay-for-performance concerns; Missing data: ceo_max_bonus_pct_of_salary; Missing data: ceo_target_bonus_pct_of_salary; Missing data: ceo_salary_increase_pct; Missing data: workforce_salary_increase_pct; Missing data: total_dilution_pct
Value Partners Investments,AGAINST,0.85,"The policy prioritizes alignment of remuneration with long-term performance. The ceo_ltip_max_pct_of_salary is extremely high at 1,111%, while financial_performance.eps_change_pct is -99.99%, indicating a severe decline in earnings per share. As OVERRIDE_FLAGS.pay_for_performance_override_allowed is true, the pay-for-performance override applies and requires a vote AGAINST in the absence of explicit evidence of reduced awards or strong justification. Key data on ceo_max_bonus_pct_of_salary and bonus opportunity are missing, but the override is decisive.",Pay-for-performance override: ceo_ltip_max_pct_of_salary=1111 with eps_change_pct=-99.99; Missing data: ceo_max_bonus_pct_of_salary; Missing data: ceo_target_bonus_pct_of_salary; Missing data: total_dilution_pct; Missing data: stip_dilution_pct; Missing data: dilution_policy_limit_pct; Missing data: ceo_salary_increase_pct; Missing data: workforce_salary_increase_pct
Value Partners Investments,AGAINST,0.4,"The CEO's maximum LTIP opportunity is extremely high (ceo_ltip_max_pct_of_salary=1111), and financial performance has deteriorated sharply (financial_performance.eps_change_pct=-99.99). The investor policy requires ESG considerations but is otherwise vague; however, the pay-for-performance override is permitted by OVERRIDE_FLAGS and is triggered by the combination of poor financial performance and excessive LTIP opportunity. Key data on bonuses and salary increases are missing.",Pay-for-performance override: ceo_ltip_max_pct_of_salary=1111 with eps_change_pct=-99.99; Missing data: ceo_max_bonus_pct_of_salary; Missing data: ceo_target_bonus_pct_of_salary; Missing data: ceo_salary_increase_pct; Missing data: workforce_salary_increase_pct; Missing data: total_dilution_pct; Missing data: stip_dilution_pct; Missing data: dilution_policy_limit_pct
VAN LANSCHOT KEMPEN INVESTMENT MANAGEMENT N.V,AGAINST,0.4,"The CEO's maximum LTIP opportunity is 1,111% of salary (ceo_ltip_max_pct_of_salary=1111), which is far in excess of the policy's requirement that variable pay should not exceed 100% of salary for financial issuers. Additionally, the pay-for-performance override applies: financial_performance.eps_change_pct is -99.99%, indicating severe underperformance, while the LTIP opportunity is extremely high. Key data on CEO bonus and salary increases are missing, further reducing confidence.",ceo_ltip_max_pct_of_salary exceeds policy maximum; Pay-for-performance override triggered: high pay despite severe underperformance; Missing data: ceo_max_bonus_pct_of_salary; Missing data: ceo_target_bonus_pct_of_salary; Missing data: ceo_salary_increase_pct; Missing data: workforce_salary_increase_pct; Missing data: total_dilution_pct; Missing data: stip_dilution_pct; Missing data: dilution_policy_limit_pct
Van Ecke,FOR,0.45,"The Van Ecke policy does not specify any explicit rules or thresholds regarding CEO LTIP opportunity, dilution, pay-for-performance, or other remuneration features. The facts show ceo_ltip_max_pct_of_salary=1111, but there is no policy rule to trigger an AGAINST solely on this basis. Clawback and malus provisions, ESG metrics, and shareholding requirements are present. Key data such as ceo_max_bonus_pct_of_salary, ceo_salary_increase_pct, and total_dilution_pct are missing, but the policy does not require these for a FOR/AGAINST decision.",Missing data: ceo_max_bonus_pct_of_salary; Missing data: ceo_salary_increase_pct; Missing data: total_dilution_pct; Missing data: workforce_salary_increase_pct; Missing data: stip_dilution_pct; Missing data: dilution_policy_limit_pct
Voya Investment Management Co. LLC,AGAINST,0.4,"The CEO's maximum LTIP opportunity is extremely high (ceo_ltip_max_pct_of_salary=1111%), and the company's financial performance has deteriorated sharply (financial_performance.eps_change_pct=-99.99). The pay-for-performance override is permitted by OVERRIDE_FLAGS, and there is no evidence of reduced awards or strong justification for this level of opportunity. Additionally, key data is missing for ceo_max_bonus_pct_of_salary, ceo_target_bonus_pct_of_salary, and salary increases, further reducing confidence.",Pay-for-performance override: ceo_ltip_max_pct_of_salary=1111% with eps_change_pct=-99.99; Missing data: ceo_max_bonus_pct_of_salary; Missing data: ceo_target_bonus_pct_of_salary; Missing data: ceo_salary_increase_pct; Missing data: workforce_salary_increase_pct; Missing data: total_dilution_pct; Missing data: stip_dilution_pct; Missing data: dilution_policy_limit_pct
Washington State Investment Board,AGAINST,0.4,"The CEO's maximum LTIP opportunity is extremely high at ceo_ltip_max_pct_of_salary=1111%, while financial_performance.eps_change_pct is -99.99%, indicating a severe disconnect between pay opportunity and company performance. The WSIB policy requires executive pay to be reasonable and aligned with performance, which is not evidenced here. Additionally, key data is missing for total_dilution_pct, ceo_salary_increase_pct, workforce_salary_increase_pct, ceo_target_bonus_pct_of_salary, and ceo_max_bonus_pct_of_salary, further reducing confidence in the plan's appropriateness.",Excessive ceo_ltip_max_pct_of_salary: 1111%; Pay-for-performance misalignment: eps_change_pct=-99.99%; Missing data: total_dilution_pct; Missing data: ceo_salary_increase_pct; Missing data: workforce_salary_increase_pct; Missing data: ceo_target_bonus_pct_of_salary; Missing data: ceo_max_bonus_pct_of_salary
Wellington Management,FOR,0.43,"The plan includes robust long-term alignment features: ceo_ltip_max_pct_of_salary=1111 (high, but not explicitly capped in policy), ltip_dilution_pct=5 (well below typical concern thresholds), three-year vesting, strong clawback/malus provisions, post-cessation holding (2 years), and a 3x salary shareholding requirement. ESG metrics are present and performance metrics are rigorous. However, key data is missing for total_dilution_pct, ceo_max_bonus_pct_of_salary, ceo_target_bonus_pct_of_salary, and salary increases, which reduces confidence.",Missing data: total_dilution_pct; Missing data: ceo_max_bonus_pct_of_salary; Missing data: ceo_target_bonus_pct_of_salary; Missing data: ceo_salary_increase_pct; Missing data: workforce_salary_increase_pct
Zurcher Kantonalbank (Investment Management),AGAINST,0.4,"The CEO's maximum LTIP opportunity is extremely high at ceo_ltip_max_pct_of_salary=1111%, while financial_performance.eps_change_pct is -99.99%, indicating a severe decline in performance. The investor policy requires a clear pay-for-performance link and avoidance of excessive pay, and the pay_for_performance_override_allowed flag is true. Additionally, key data is missing: ceo_max_bonus_pct_of_salary, ceo_target_bonus_pct_of_salary, total_dilution_pct, and salary increase data. These issues, especially the pay-for-performance misalignment, drive an AGAINST vote.",Pay-for-performance override: ceo_ltip_max_pct_of_salary=1111% with eps_change_pct=-99.99%; Missing data: ceo_max_bonus_pct_of_salary; Missing data: ceo_target_bonus_pct_of_salary; Missing data: total_dilution_pct; Missing data: ceo_salary_increase_pct; Missing data: workforce_salary_increase_pct
